Workbook

Sheet تعليمات
A1: المشروع القومي للياقة البدنية بالمعاهد الأزهرية - حزمة سجلات التقييم والمتابعة 2026/2027
A2: دليل الاستخدام
A3: م | B3: الشيت | C3: المستوى | D3: الغرض
A4: 1 | B4: تعليمات | C4: الجميع | D4: هذا الشيت
A5: 2 | B5: متابعة المراحل | C5: المنطقة | D5: متابعة مواعيد المراحل الخمس ونسب الإنجاز
A6: 3 | B6: المساطر | C6: الجميع | D6: الدرجات المعيارية (مسطرة القياس) المنقولة من الدليل - تغذي حساب الدرجات تلقائياً
A7: 4 | B7: مسح ابتدائي بنين / إعدادي بنين / ثانوي بنين | C7: المعهد | D7: تسجيل اختبارات كل طالب (حكمان لكل اختبار) وحساب الدرجة والتقدير والترتيب
A8: 5 | B8: مسح ابتدائي بنات / إعدادي بنات | C8: المعهد | D8: نفس الوظيفة لاختبارات البنات
A9: 6 | B9: سجل المنتخبات | C9: المعهد/الإدارة/المنطقة | D9: قوائم منتخبات المعهد (10) والإدارة (10+2) والمنطقة (15)
A10: 7 | B10: الكشف الطبي | C10: المنطقة | D10: استمارة الكشف الطبي للمشاركين قبل التقييم
A11: 8 | B11: لجنة التحكيم | C11: الإدارة/المنطقة | D11: توزيع الحكام وشروط اختيارهم
A12: 9 | B12: بطاقة متابعة الطالب | C12: المعهد | D12: متابعة أداء طلاب الصفوف الأولى (الجناح الأول - التدريب)
A13: 10 | B13: سجل التدريب | C13: المعهد | D13: سجل الحصص والوحدات التدريبية والمحطات
A14: 11 | B14: اكتشاف الموهوبين | C14: المعهد | D14: حصر المتميزين وترشيحهم
A15: 12 | B15: التقييم الذاتي | C15: المعهد | D15: تقييم المعهد لنفسه على 12 بنداً
... A19: 16 | B19: مؤشرات الأداء | C19: المنطقة | D19: المؤشرات التسعة وأدوات قياسها ونسب التحقق
B21: دليل الألوان
B22: خلية إدخال | C22: اكتب فيها فقط
B23: خلية محسوبة | C23: لا تعدّلها (معادلات)
B24: صف مثال | C24: بيانات توضيحية لا تدخل في الترتيب والإجماليات - استبدلها أو احذف محتواها
B26: افتراضات وملاحظات:
B27: - كل الدرجات والمساطر منقولة من دليل المشروع؛ راجع شيت «المساطر» لملاحظات الجداول التي بها لبس.
B28: - التقدير: 1–2 ضعيف، 3–4 مقبول، 5–6 جيد، 7–8 جيد جدا، 9–10 ممتاز (الدليل ص48)؛ ويُحسب لمتوسط درجات الطالب مقرباً.
B29: - الترتيب: مجموع درجات الاختبارات ثم مجموع عدّات (الجري+الجلوس+الانبطاح) عند التعادل؛ الحسم النهائي (الزمن/المسافة/السن) يتم يدوياً.
B30: - حدود التقييم الذاتي والمستهدفات في مؤشرات الأداء مقترحة من إعداد هذه الحزمة وليست من الدليل.

Sheet متابعة المراحل
A1: متابعة مراحل الخطة التنفيذية (المواعيد حسب الدليل ص11–12)
A2: المنطقة الأزهرية: .............. الإدارة التعليمية: .............. المعهد: .............. العام الدراسي: 2026/2027
A3: م | B3: المرحلة | C3: المستوى | D3: البداية المخططة | E3: النهاية المخططة | F3: البداية الفعلية | G3: النهاية الفعلية | H3: الحالة | I3: نسبة الإنجاز | J3: ملاحظات
A4: 1 | B4: المسح الشامل وتعليم الأداء الصحيح (المعهد) - إعدادي وثانوي | C4: المعهد | D4: 46296 | E4: 46317 | H4: =IF(G4<>"",IF(G4<=E4,"أُنجزت في موعدها","أُنجزت متأخرة"),IF(F4<>"",IF(TODAY()>E4,"متأخرة","جارية"),IF(TODAY()>E4,"لم تبدأ - متأخرة","لم تبدأ"))) -> لم تبدأ
A5: 1 | B5: المسح الشامل - المرحلة الابتدائية (طوال العام الدراسي) | C5: المعهد | D5: 46296 | E5: 46568 | H5: =IF(G5<>"",IF(G5<=E5,"أُنجزت في موعدها","أُنجزت متأخرة"),IF(F5<>"",IF(TODAY()>E5,"متأخرة","جارية"),IF(TODAY()>E5,"لم تبدأ - متأخرة","لم تبدأ"))) -> لم تبدأ
A6: 2 | B6: التصفيات واختيار أفضل 10 طلاب لكل مرحلة | C6: الإدارة التعليمية | D6: 46319 | E6: 46338 | H6: =IF(G6<>"",IF(G6<=E6,"أُنجزت في موعدها","أُنجزت متأخرة"),IF(F6<>"",IF(TODAY()>E6,"متأخرة","جارية"),IF(TODAY()>E6,"لم تبدأ - متأخرة","لم تبدأ"))) -> لم تبدأ
A7: 3 | B7: مسابقة اللياقة البدنية - اختيار أفضل 15 لكل مرحلة | C7: المنطقة | D7: 46340 | E7: 46352 | H7: =IF(G7<>"",IF(G7<=E7,"أُنجزت في موعدها","أُنجزت متأخرة"),IF(F7<>"",IF(TODAY()>E7,"متأخرة","جارية"),IF(TODAY()>E7,"لم تبدأ - متأخرة","لم تبدأ"))) -> لم تبدأ
A8: 4 | B8: الوحدات التدريبية لمنتخب المنطقة (3 وحدات) | C8: المنطقة | D8: 46354 | E8: 46366 | H8: =IF(G8<>"",IF(G8<=E8,"أُنجزت في موعدها","أُنجزت متأخرة"),IF(F8<>"",IF(TODAY()>E8,"متأخرة","جارية"),IF(TODAY()>E8,"لم تبدأ - متأخرة","لم تبدأ"))) -> لم تبدأ
A9: 5 | B9: لقاء القمة لأبطال اللياقة البدنية | C9: بيوت الشباب - مركزي | D9: 46409 | E9: 46428 | H9: =IF(G9<>"",IF(G9<=E9,"أُنجزت في موعدها","أُنجزت متأخرة"),IF(F9<>"",IF(TODAY()>E9,"متأخرة","جارية"),IF(TODAY()>E9,"لم تبدأ - متأخرة","لم تبدأ"))) -> لم تبدأ
A11: الدليل يجيز تأجيل فترة التدريب (المرحلة 4) لما بعد امتحانات الفصل الدراسي الأول. حدّث التواريخ المخططة عند التأجيل.

Sheet المساطر
A1: المساطر (الدرجات المعيارية) - منقولة من دليل المشروع ص 21–23 و29–30
A2: الاختبارات التي بالعدّات: الحد الأدنى للعدّات للحصول على الدرجة | الاختبارات الزمنية: الحد الأقصى للزمن (ث) للحصول على الدرجة
A4: مسطرة ابتدائي بنين
A5: الدرجة | B5: الجري في المكان (15ث) - عدد (حد أدنى) | C5: الجلوس من الرقود (30ث) - عدد (حد أدنى) | D5: الانبطاح المائل - عدد (حد أدنى) | E5: الوثب داخل الدوائر المرقمة - زمن (ث) (حد أقصى)
A6: 1 | B6: 12 | C6: 13 | D6: 11 | E6: 7.99
A7: 2 | B7: 14 | C7: 15 | D7: 13 | E7: 7.59
A8: 3 | B8: 16 | C8: 17 | D8: 15 | E8: 7.19
A9: 4 | B9: 18 | C9: 19 | D9: 17 | E9: 6.79
A10: 5 | B10: 20 | C10: 21 | D10: 19 | E10: 6.39
A11: 6 | B11: 22 | C11: 23 | D11: 21 | E11: 5.99
A12: 7 | B12: 24 | C12: 25 | D12: 23 | E12: 5.59
A13: 8 | B13: 26 | C13: 27 | D13: 25 | E13: 5.19
A14: 9 | B14: 28 | C14: 29 | D14: 27 | E14: 4.79
A15: 10 | B15: 30 | C15: 31 | D15: 29 | E15: 4.39
A18: مسطرة إعدادي بنين
A19: الدرجة | B19: الجري في المكان (15ث) - عدد (حد أدنى) | C19: الجلوس من الرقود (30ث) - عدد (حد أدنى) | D19: الانبطاح المائل - عدد (حد أدنى) | E19: الوثب العريض من الثبات - سم (حد أدنى) | F19: الجري الزجزاجي (30م) - زمن (ث) (حد أقصى)
A20: 1 | B20: 24 | C20: 23 | D20: 21 | E20: 131 | F20: 14.49
A21: 2 | B21: 25 | C21: 24 | D21: 23 | E21: 141 | F21: 13.99
A22: 3 | B22: 26 | C22: 25 | D22: 25 | E22: 151 | F22: 13.49
A23: 4 | B23: 27 | C23: 26 | D23: 27 | E23: 161 | F23: 12.99
A24: 5 | B24: 28 | C24: 27 | D24: 29 | E24: 171 | F24: 12.49
A25: 6 | B25: 29 | C25: 28 | D25: 31 | E25: 181 | F25: 11.99
A26: 7 | B26: 30 | C26: 29 | D26: 33 | E26: 191 | F26: 11.49
A27: 8 | B27: 31 | C27: 30 | D27: 35 | E27: 201 | F27: 10.99
A28: 9 | B28: 32 | C28: 31 | D28: 37 | E28: 211 | F28: 10.49
A29: 10 | B29: 33 | C29: 32 | D29: 39 | E29: 221 | F29: 9.99
A32: مسطرة ثانوي بنين
A33: الدرجة | B33: الجري في المكان (15ث) - عدد (حد أدنى) | C33: الجلوس من الرقود (30ث) - عدد (حد أدنى) | D33: الانبطاح المائل - عدد (حد أدنى) | E33: الجري متعدد الجهات - زمن (ث) (حد أقصى) | F33: ثني الجذع من الوقوف - سم (حد أدنى)
A34: 1 | B34: 26 | C34: 25 | D34: 34 | E34: 14.8 | F34: 1
A35: 2 | B35: 27 | C35: 26 | D35: 36 | E35: 14.6 | F35: 3
A36: 3 | B36: 28 | C36: 27 | D36: 38 | E36: 14.4 | F36: 5
A37: 4 | B37: 29 | C37: 28 | D37: 40 | E37: 14.2 | F37: 7
A38: 5 | B38: 30 | C38: 29 | D38: 42 | E38: 14 | F38: 9
A39: 6 | B39: 31 | C39: 30 | D39: 44 | E39: 13.8 | F39: 11
A40: 7 | B40: 32 | C40: 31 | D40: 46 | E40: 13.6 | F40: 13
A41: 8 | B41: 33 | C41: 32 | D41: 48 | E41: 13.4 | F41: 15
A42: 9 | B42: 34 | C42: 33 | D42: 50 | E42: 13.2 | F42: 17
A43: 10 | B43: 35 | C43: 34 | D43: 52 | E43: 13 | F43: 19
A46: مسطرة ابتدائي بنات
A47: الدرجة | B47: الجري في المكان (15ث) - عدد (حد أدنى) | C47: الجلوس من الرقود (30ث) - عدد (حد أدنى) | D47: الانبطاح المائل العالي - عدد (حد أدنى) | E47: الجري الارتدادي - زمن (ث) (حد أقصى) | F47: الوثب داخل الدوائر المرقمة - زمن (ث) (حد أقصى)
A48: 1 | B48: 12 | C48: 9 | D48: 20 | E48: 14.99 | F48: 9.19
A49: 2 | B49: 14 | C49: 11 | D49: 22 | E49: 14.49 | F49: 8.79
A50: 3 | B50: 16 | C50: 13 | D50: 24 | E50: 13.99 | F50: 8.39
A51: 4 | B51: 18 | C51: 15 | D51: 26 | E51: 13.49 | F51: 7.99
A52: 5 | B52: 20 | C52: 17 | D52: 28 | E52: 12.99 | F52: 7.59
A53: 6 | B53: 22 | C53: 19 | D53: 30 | E53: 12.49 | F53: 7.19
A54: 7 | B54: 24 | C54: 21 | D54: 32 | E54: 11.99 | F54: 6.79
A55: 8 | B55: 26 | C55: 23 | D55: 34 | E55: 11.49 | F55: 6.39
A56: 9 | B56: 28 | C56: 25 | D56: 36 | E56: 10.99 | F56: 5.99
A57: 10 | B57: 30 | C57: 27 | D57: 38 | E57: 10.49 | F57: 5.59
A60: مسطرة إعدادي بنات
A61: الدرجة | B61: الجري في المكان (15ث) - عدد (حد أدنى) | C61: الجلوس من الرقود (30ث) - عدد (حد أدنى) | D61: الانبطاح المائل العالي - عدد (حد أدنى) | E61: الوثب العريض من الثبات - سم (حد أدنى) | F61: الجري الزجزاجي (30م) - زمن (ث) (حد أقصى)
A62: 1 | B62: 11 | C62: 11 | D62: 21 | E62: 130 | F62: 15.49
A63: 2 | B63: 13 | C63: 13 | D63: 23 | E63: 135 | F63: 14.99
A64: 3 | B64: 15 | C64: 15 | D64: 25 | E64: 140 | F64: 14.49
A65: 4 | B65: 17 | C65: 17 | D65: 27 | E65: 145 | F65: 13.99
A66: 5 | B66: 19 | C66: 19 | D66: 29 | E66: 150 | F66: 13.49
A67: 6 | B67: 21 | C67: 21 | D67: 31 | E67: 155 | F67: 12.99
A68: 7 | B68: 23 | C68: 23 | D68: 33 | E68: 160 | F68: 12.49
A69: 8 | B69: 25 | C69: 25 | D69: 35 | E69: 165 | F69: 11.99
A70: 9 | B70: 27 | C70: 27 | D70: 37 | E70: 170 | F70: 11.49
A71: 10 | B71: 29 | C71: 29 | D71: 39 | E71: 175 | F71: 10.99
A74: ملاحظات على الجداول المنقولة (يرجى مراجعتها مع الإدارة العامة):
A75: 1) جدول الدليل ص23 المعنون «الابتدائية بنين» تتطابق اختباراته مع المرحلة الثانوية (الجري متعدد الجهات + ثني الجذع) فاعتُمد للثانوي بنين.
A76: 2) الوثب العريض إعدادي بنات: الدليل يعرض الدرجة 4 بالقيمتين 1.50/1.49 والدرجة 3 بـ 1.45/1.40 (فجوة) فافتُرض أن حد الدرجة 4 = 146 سم. القيم بالسنتيمتر.
A77: 3) الجري الارتدادي بنات ابتدائي: الدرجتان 4 و2 تنتهيان عند 13.50 و14.50 كما ورد بالدليل حرفياً.
A78: 4) الخلايا الصفراء قابلة للتعديل؛ تعديلها يعيد حساب الدرجات في شيتات المسح تلقائياً.

Sheet اختبارات ابتدائي بنين
A1: سجل اختبارات اللياقة البدنية - ابتدائي بنين
A2: المنطقة الأزهرية: .............. الإدارة التعليمية: .............. المعهد: .............. العام الدراسي: 2026/2027
A3: م | B3: الاسم | C3: تاريخ الميلاد | D3: الصف | E3: الجري في المكان (15ث) - عدد | I3: الجلوس من الرقود (30ث) - عدد | M3: الانبطاح المائل - عدد | Q3: الوثب داخل الدوائر المرقمة - زمن (ث) | U3: إجمالي الدرجات | V3: متوسط الدرجة (من 10) | W3: التقدير | X3: مجموع عدّات (الجري+الجلوس+الانبطاح) | Y3: الترتيب
E4: حكم 1 | F4: حكم 2 | G4: المتوسط | H4: الدرجة | I4: حكم 1 | J4: حكم 2 | K4: المتوسط | L4: الدرجة | M4: حكم 1 | N4: حكم 2 | O4: المتوسط | P4: الدرجة | Q4: محاولة 1 | R4: محاولة 2 | S4: الأفضل | T4: الدرجة
A5: مثال | B5: طالب (مثال) | C5: 2015-03-10 | D5: الثاني | E5: 21 | F5: 22 | G5: =IF(COUNT(E5:F5)=0,"",AVERAGE(E5:F5)) -> 21.5 | H5: =IF(G5="","",SUMPRODUCT(--(G5>=المساطر!$B$6:$B$15))) -> 5 | I5: 23 | J5: 22 | K5: =IF(COUNT(I5:J5)=0,"",AVERAGE(I5:J5)) -> 22.5 | L5: =IF(K5="","",SUMPRODUCT(--(K5>=المساطر!$C$6:$C$15))) -> 5 | M5: 20 | N5: 19 | O5: =IF(COUNT(M5:N5)=0,"",AVERAGE(M5:N5)) -> 19.5 | P5: =IF(O5="","",SUMPRODUCT(--(O5>=المساطر!$D$6:$D$15))) -> 5 | Q5: 5.9 | R5: 6.1 | S5: =IF(COUNT(Q5:R5)=0,"",MIN(Q5:R5)) -> 5.9 | T5: =IF(S5="","",SUMPRODUCT(--(S5<=المساطر!$E$6:$E$15))) -> 6 | U5: =IF(COUNT(H5,L5,P5,T5)=4,SUM(H5,L5,P5,T5),"") -> 21 | V5: =IF(U5="","",U5/4) -> 5.25 | W5: =IF(V5="","",IF(ROUND(V5,0)>=9,"ممتاز",IF(ROUND(V5,0)>=7,"جيد جدا",IF(ROUND(V5,0)>=5,"جيد",IF(ROUND(V5,0)>=3,"مقبول","ضعيف"))))) -> جيد | X5: =IF(COUNT(G5,K5,O5)=3,SUM(G5,K5,O5),"") -> 63.5 | Y5: =IF(U5="","",1+COUNTIF($U$6:$U$45,">"&U5)+COUNTIFS($U$6:$U$45,U5,$X$6:$X$45,">"&X5)) -> 1
A6: 1 | G6: =IF(COUNT(E6:F6)=0,"",AVERAGE(E6:F6)) | H6: =IF(G6="","",SUMPRODUCT(--(G6>=المساطر!$B$6:$B$15))) | K6: =IF(COUNT(I6:J6)=0,"",AVERAGE(I6:J6)) | L6: =IF(K6="","",SUMPRODUCT(--(K6>=المساطر!$C$6:$C$15))) | O6: =IF(COUNT(M6:N6)=0,"",AVERAGE(M6:N6)) | P6: =IF(O6="","",SUMPRODUCT(--(O6>=المساطر!$D$6:$D$15))) | S6: =IF(COUNT(Q6:R6)=0,"",MIN(Q6:R6)) | T6: =IF(S6="","",SUMPRODUCT(--(S6<=المساطر!$E$6:$E$15))) | U6: =IF(COUNT(H6,L6,P6,T6)=4,SUM(H6,L6,P6,T6),"") | V6: =IF(U6="","",U6/4) | W6: =IF(V6="","",IF(ROUND(V6,0)>=9,"ممتاز",IF(ROUND(V6,0)>=7,"جيد جدا",IF(ROUND(V6,0)>=5,"جيد",IF(ROUND(V6,0)>=3,"مقبول","ضعيف"))))) | X6: =IF(COUNT(G6,K6,O6)=3,SUM(G6,K6,O6),"") | Y6: =IF(U6="","",1+COUNTIF($U$6:$U$45,">"&U6)+COUNTIFS($U$6:$U$45,U6,$X$6:$X$45,">"&X6))
A7: 2 | G7: =IF(COUNT(E7:F7)=0,"",AVERAGE(E7:F7)) | H7: =IF(G7="","",SUMPRODUCT(--(G7>=المساطر!$B$6:$B$15))) | K7: =IF(COUNT(I7:J7)=0,"",AVERAGE(I7:J7)) | L7: =IF(K7="","",SUMPRODUCT(--(K7>=المساطر!$C$6:$C$15))) | O7: =IF(COUNT(M7:N7)=0,"",AVERAGE(M7:N7)) | P7: =IF(O7="","",SUMPRODUCT(--(O7>=المساطر!$D$6:$D$15))) | S7: =IF(COUNT(Q7:R7)=0,"",MIN(Q7:R7)) | T7: =IF(S7="","",SUMPRODUCT(--(S7<=المساطر!$E$6:$E$15))) | U7: =IF(COUNT(H7,L7,P7,T7)=4,SUM(H7,L7,P7,T7),"") | V7: =IF(U7="","",U7/4) | W7: =IF(V7="","",IF(ROUND(V7,0)>=9,"ممتاز",IF(ROUND(V7,0)>=7,"جيد جدا",IF(ROUND(V7,0)>=5,"جيد",IF(ROUND(V7,0)>=3,"مقبول","ضعيف"))))) | X7: =IF(COUNT(G7,K7,O7)=3,SUM(G7,K7,O7),"") | Y7: =IF(U7="","",1+COUNTIF($U$6:$U$45,">"&U7)+COUNTIFS($U$6:$U$45,U7,$X$6:$X$45,">"&X7))
A8: 3 | G8: =IF(COUNT(E8:F8)=0,"",AVERAGE(E8:F8)) | H8: =IF(G8="","",SUMPRODUCT(--(G8>=المساطر!$B$6:$B$15))) | K8: =IF(COUNT(I8:J8)=0,"",AVERAGE(I8:J8)) | L8: =IF(K8="","",SUMPRODUCT(--(K8>=المساطر!$C$6:$C$15))) | O8: =IF(COUNT(M8:N8)=0,"",AVERAGE(M8:N8)) | P8: =IF(O8="","",SUMPRODUCT(--(O8>=المساطر!$D$6:$D$15))) | S8: =IF(COUNT(Q8:R8)=0,"",MIN(Q8:R8)) | T8: =IF(S8="","",SUMPRODUCT(--(S8<=المساطر!$E$6:$E$15))) | U8: =IF(COUNT(H8,L8,P8,T8)=4,SUM(H8,L8,P8,T8),"") | V8: =IF(U8="","",U8/4) | W8: =IF(V8="","",IF(ROUND(V8,0)>=9,"ممتاز",IF(ROUND(V8,0)>=7,"جيد جدا",IF(ROUND(V8,0)>=5,"جيد",IF(ROUND(V8,0)>=3,"مقبول","ضعيف"))))) | X8: =IF(COUNT(G8,K8,O8)=3,SUM(G8,K8,O8),"") | Y8: =IF(U8="","",1+COUNTIF($U$6:$U$45,">"&U8)+COUNTIFS($U$6:$U$45,U8,$X$6:$X$45,">"&X8))
A9: 4 | G9: =IF(COUNT(E9:F9)=0,"",AVERAGE(E9:F9)) | H9: =IF(G9="","",SUMPRODUCT(--(G9>=المساطر!$B$6:$B$15))) | K9: =IF(COUNT(I9:J9)=0,"",AVERAGE(I9:J9)) | L9: =IF(K9="","",SUMPRODUCT(--(K9>=المساطر!$C$6:$C$15))) | O9: =IF(COUNT(M9:N9)=0,"",AVERAGE(M9:N9)) | P9: =IF(O9="","",SUMPRODUCT(--(O9>=المساطر!$D$6:$D$15))) | S9: =IF(COUNT(Q9:R9)=0,"",MIN(Q9:R9)) | T9: =IF(S9="","",SUMPRODUCT(--(S9<=المساطر!$E$6:$E$15))) | U9: =IF(COUNT(H9,L9,P9,T9)=4,SUM(H9,L9,P9,T9),"") | V9: =IF(U9="","",U9/4) | W9: =IF(V9="","",IF(ROUND(V9,0)>=9,"ممتاز",IF(ROUND(V9,0)>=7,"جيد جدا",IF(ROUND(V9,0)>=5,"جيد",IF(ROUND(V9,0)>=3,"مقبول","ضعيف"))))) | X9: =IF(COUNT(G9,K9,O9)=3,SUM(G9,K9,O9),"") | Y9: =IF(U9="","",1+COUNTIF($U$6:$U$45,">"&U9)+COUNTIFS($U$6:$U$45,U9,$X$6:$X$45,">"&X9))
A10: 5 | G10: =IF(COUNT(E10:F10)=0,"",AVERAGE(E10:F10)) | H10: =IF(G10="","",SUMPRODUCT(--(G10>=المساطر!$B$6:$B$15))) | K10: =IF(COUNT(I10:J10)=0,"",AVERAGE(I10:J10)) | L10: =IF(K10="","",SUMPRODUCT(--(K10>=المساطر!$C$6:$C$15))) | O10: =IF(COUNT(M10:N10)=0,"",AVERAGE(M10:N10)) | P10: =IF(O10="","",SUMPRODUCT(--(O10>=المساطر!$D$6:$D$15))) | S10: =IF(COUNT(Q10:R10)=0,"",MIN(Q10:R10)) | T10: =IF(S10="","",SUMPRODUCT(--(S10<=المساطر!$E$6:$E$15))) | U10: =IF(COUNT(H10,L10,P10,T10)=4,SUM(H10,L10,P10,T10),"") | V10: =IF(U10="","",U10/4) | W10: =IF(V10="","",IF(ROUND(V10,0)>=9,"ممتاز",IF(ROUND(V10,0)>=7,"جيد جدا",IF(ROUND(V10,0)>=5,"جيد",IF(ROUND(V10,0)>=3,"مقبول","ضعيف"))))) | X10: =IF(COUNT(G10,K10,O10)=3,SUM(G10,K10,O10),"") | Y10: =IF(U10="","",1+COUNTIF($U$6:$U$45,">"&U10)+COUNTIFS($U$6:$U$45,U10,$X$6:$X$45,">"&X10))
A11: 6 | G11: =IF(COUNT(E11:F11)=0,"",AVERAGE(E11:F11)) | H11: =IF(G11="","",SUMPRODUCT(--(G11>=المساطر!$B$6:$B$15))) | K11: =IF(COUNT(I11:J11)=0,"",AVERAGE(I11:J11)) | L11: =IF(K11="","",SUMPRODUCT(--(K11>=المساطر!$C$6:$C$15))) | O11: =IF(COUNT(M11:N11)=0,"",AVERAGE(M11:N11)) | P11: =IF(O11="","",SUMPRODUCT(--(O11>=المساطر!$D$6:$D$15))) | S11: =IF(COUNT(Q11:R11)=0,"",MIN(Q11:R11)) | T11: =IF(S11="","",SUMPRODUCT(--(S11<=المساطر!$E$6:$E$15))) | U11: =IF(COUNT(H11,L11,P11,T11)=4,SUM(H11,L11,P11,T11),"") | V11: =IF(U11="","",U11/4) | W11: =IF(V11="","",IF(ROUND(V11,0)>=9,"ممتاز",IF(ROUND(V11,0)>=7,"جيد جدا",IF(ROUND(V11,0)>=5,"جيد",IF(ROUND(V11,0)>=3,"مقبول","ضعيف"))))) | X11: =IF(COUNT(G11,K11,O11)=3,SUM(G11,K11,O11),"") | Y11: =IF(U11="","",1+COUNTIF($U$6:$U$45,">"&U11)+COUNTIFS($U$6:$U$45,U11,$X$6:$X$45,">"&X11))
A12: 7 | G12: =IF(COUNT(E12:F12)=0,"",AVERAGE(E12:F12)) | H12: =IF(G12="","",SUMPRODUCT(--(G12>=المساطر!$B$6:$B$15))) | K12: =IF(COUNT(I12:J12)=0,"",AVERAGE(I12:J12)) | L12: =IF(K12="","",SUMPRODUCT(--(K12>=المساطر!$C$6:$C$15))) | O12: =IF(COUNT(M12:N12)=0,"",AVERAGE(M12:N12)) | P12: =IF(O12="","",SUMPRODUCT(--(O12>=المساطر!$D$6:$D$15))) | S12: =IF(COUNT(Q12:R12)=0,"",MIN(Q12:R12)) | T12: =IF(S12="","",SUMPRODUCT(--(S12<=المساطر!$E$6:$E$15))) | U12: =IF(COUNT(H12,L12,P12,T12)=4,SUM(H12,L12,P12,T12),"") | V12: =IF(U12="","",U12/4) | W12: =IF(V12="","",IF(ROUND(V12,0)>=9,"ممتاز",IF(ROUND(V12,0)>=7,"جيد جدا",IF(ROUND(V12,0)>=5,"جيد",IF(ROUND(V12,0)>=3,"مقبول","ضعيف"))))) | X12: =IF(COUNT(G12,K12,O12)=3,SUM(G12,K12,O12),"") | Y12: =IF(U12="","",1+COUNTIF($U$6:$U$45,">"&U12)+COUNTIFS($U$6:$U$45,U12,$X$6:$X$45,">"&X12))
A13: 8 | G13: =IF(COUNT(E13:F13)=0,"",AVERAGE(E13:F13)) | H13: =IF(G13="","",SUMPRODUCT(--(G13>=المساطر!$B$6:$B$15))) | K13: =IF(COUNT(I13:J13)=0,"",AVERAGE(I13:J13)) | L13: =IF(K13="","",SUMPRODUCT(--(K13>=المساطر!$C$6:$C$15))) | O13: =IF(COUNT(M13:N13)=0,"",AVERAGE(M13:N13)) | P13: =IF(O13="","",SUMPRODUCT(--(O13>=المساطر!$D$6:$D$15))) | S13: =IF(COUNT(Q13:R13)=0,"",MIN(Q13:R13)) | T13: =IF(S13="","",SUMPRODUCT(--(S13<=المساطر!$E$6:$E$15))) | U13: =IF(COUNT(H13,L13,P13,T13)=4,SUM(H13,L13,P13,T13),"") | V13: =IF(U13="","",U13/4) | W13: =IF(V13="","",IF(ROUND(V13,0)>=9,"ممتاز",IF(ROUND(V13,0)>=7,"جيد جدا",IF(ROUND(V13,0)>=5,"جيد",IF(ROUND(V13,0)>=3,"مقبول","ضعيف"))))) | X13: =IF(COUNT(G13,K13,O13)=3,SUM(G13,K13,O13),"") | Y13: =IF(U13="","",1+COUNTIF($U$6:$U$45,">"&U13)+COUNTIFS($U$6:$U$45,U13,$X$6:$X$45,">"&X13))
A14: 9 | G14: =IF(COUNT(E14:F14)=0,"",AVERAGE(E14:F14)) | H14: =IF(G14="","",SUMPRODUCT(--(G14>=المساطر!$B$6:$B$15))) | K14: =IF(COUNT(I14:J14)=0,"",AVERAGE(I14:J14)) | L14: =IF(K14="","",SUMPRODUCT(--(K14>=المساطر!$C$6:$C$15))) | O14: =IF(COUNT(M14:N14)=0,"",AVERAGE(M14:N14)) | P14: =IF(O14="","",SUMPRODUCT(--(O14>=المساطر!$D$6:$D$15))) | S14: =IF(COUNT(Q14:R14)=0,"",MIN(Q14:R14)) | T14: =IF(S14="","",SUMPRODUCT(--(S14<=المساطر!$E$6:$E$15))) | U14: =IF(COUNT(H14,L14,P14,T14)=4,SUM(H14,L14,P14,T14),"") | V14: =IF(U14="","",U14/4) | W14: =IF(V14="","",IF(ROUND(V14,0)>=9,"ممتاز",IF(ROUND(V14,0)>=7,"جيد جدا",IF(ROUND(V14,0)>=5,"جيد",IF(ROUND(V14,0)>=3,"مقبول","ضعيف"))))) | X14: =IF(COUNT(G14,K14,O14)=3,SUM(G14,K14,O14),"") | Y14: =IF(U14="","",1+COUNTIF($U$6:$U$45,">"&U14)+COUNTIFS($U$6:$U$45,U14,$X$6:$X$45,">"&X14))
A15: 10 | G15: =IF(COUNT(E15:F15)=0,"",AVERAGE(E15:F15)) | H15: =IF(G15="","",SUMPRODUCT(--(G15>=المساطر!$B$6:$B$15))) | K15: =IF(COUNT(I15:J15)=0,"",AVERAGE(I15:J15)) | L15: =IF(K15="","",SUMPRODUCT(--(K15>=المساطر!$C$6:$C$15))) | O15: =IF(COUNT(M15:N15)=0,"",AVERAGE(M15:N15)) | P15: =IF(O15="","",SUMPRODUCT(--(O15>=المساطر!$D$6:$D$15))) | S15: =IF(COUNT(Q15:R15)=0,"",MIN(Q15:R15)) | T15: =IF(S15="","",SUMPRODUCT(--(S15<=المساطر!$E$6:$E$15))) | U15: =IF(COUNT(H15,L15,P15,T15)=4,SUM(H15,L15,P15,T15),"") | V15: =IF(U15="","",U15/4) | W15: =IF(V15="","",IF(ROUND(V15,0)>=9,"ممتاز",IF(ROUND(V15,0)>=7,"جيد جدا",IF(ROUND(V15,0)>=5,"جيد",IF(ROUND(V15,0)>=3,"مقبول","ضعيف"))))) | X15: =IF(COUNT(G15,K15,O15)=3,SUM(G15,K15,O15),"") | Y15: =IF(U15="","",1+COUNTIF($U$6:$U$45,">"&U15)+COUNTIFS($U$6:$U$45,U15,$X$6:$X$45,">"&X15))
A16: 11 | G16: =IF(COUNT(E16:F16)=0,"",AVERAGE(E16:F16)) | H16: =IF(G16="","",SUMPRODUCT(--(G16>=المساطر!$B$6:$B$15))) | K16: =IF(COUNT(I16:J16)=0,"",AVERAGE(I16:J16)) | L16: =IF(K16="","",SUMPRODUCT(--(K16>=المساطر!$C$6:$C$15))) | O16: =IF(COUNT(M16:N16)=0,"",AVERAGE(M16:N16)) | P16: =IF(O16="","",SUMPRODUCT(--(O16>=المساطر!$D$6:$D$15))) | S16: =IF(COUNT(Q16:R16)=0,"",MIN(Q16:R16)) | T16: =IF(S16="","",SUMPRODUCT(--(S16<=المساطر!$E$6:$E$15))) | U16: =IF(COUNT(H16,L16,P16,T16)=4,SUM(H16,L16,P16,T16),"") | V16: =IF(U16="","",U16/4) | W16: =IF(V16="","",IF(ROUND(V16,0)>=9,"ممتاز",IF(ROUND(V16,0)>=7,"جيد جدا",IF(ROUND(V16,0)>=5,"جيد",IF(ROUND(V16,0)>=3,"مقبول","ضعيف"))))) | X16: =IF(COUNT(G16,K16,O16)=3,SUM(G16,K16,O16),"") | Y16: =IF(U16="","",1+COUNTIF($U$6:$U$45,">"&U16)+COUNTIFS($U$6:$U$45,U16,$X$6:$X$45,">"&X16))
A17: 12 | G17: =IF(COUNT(E17:F17)=0,"",AVERAGE(E17:F17)) | H17: =IF(G17="","",SUMPRODUCT(--(G17>=المساطر!$B$6:$B$15))) | K17: =IF(COUNT(I17:J17)=0,"",AVERAGE(I17:J17)) | L17: =IF(K17="","",SUMPRODUCT(--(K17>=المساطر!$C$6:$C$15))) | O17: =IF(COUNT(M17:N17)=0,"",AVERAGE(M17:N17)) | P17: =IF(O17="","",SUMPRODUCT(--(O17>=المساطر!$D$6:$D$15))) | S17: =IF(COUNT(Q17:R17)=0,"",MIN(Q17:R17)) | T17: =IF(S17="","",SUMPRODUCT(--(S17<=المساطر!$E$6:$E$15))) | U17: =IF(COUNT(H17,L17,P17,T17)=4,SUM(H17,L17,P17,T17),"") | V17: =IF(U17="","",U17/4) | W17: =IF(V17="","",IF(ROUND(V17,0)>=9,"ممتاز",IF(ROUND(V17,0)>=7,"جيد جدا",IF(ROUND(V17,0)>=5,"جيد",IF(ROUND(V17,0)>=3,"مقبول","ضعيف"))))) | X17: =IF(COUNT(G17,K17,O17)=3,SUM(G17,K17,O17),"") | Y17: =IF(U17="","",1+COUNTIF($U$6:$U$45,">"&U17)+COUNTIFS($U$6:$U$45,U17,$X$6:$X$45,">"&X17))
... A45: 40 | G45: =IF(COUNT(E45:F45)=0,"",AVERAGE(E45:F45)) | H45: =IF(G45="","",SUMPRODUCT(--(G45>=المساطر!$B$6:$B$15))) | K45: =IF(COUNT(I45:J45)=0,"",AVERAGE(I45:J45)) | L45: =IF(K45="","",SUMPRODUCT(--(K45>=المساطر!$C$6:$C$15))) | O45: =IF(COUNT(M45:N45)=0,"",AVERAGE(M45:N45)) | P45: =IF(O45="","",SUMPRODUCT(--(O45>=المساطر!$D$6:$D$15))) | S45: =IF(COUNT(Q45:R45)=0,"",MIN(Q45:R45)) | T45: =IF(S45="","",SUMPRODUCT(--(S45<=المساطر!$E$6:$E$15))) | U45: =IF(COUNT(H45,L45,P45,T45)=4,SUM(H45,L45,P45,T45),"") | V45: =IF(U45="","",U45/4) | W45: =IF(V45="","",IF(ROUND(V45,0)>=9,"ممتاز",IF(ROUND(V45,0)>=7,"جيد جدا",IF(ROUND(V45,0)>=5,"جيد",IF(ROUND(V45,0)>=3,"مقبول","ضعيف"))))) | X45: =IF(COUNT(G45,K45,O45)=3,SUM(G45,K45,O45),"") | Y45: =IF(U45="","",1+COUNTIF($U$6:$U$45,">"&U45)+COUNTIFS($U$6:$U$45,U45,$X$6:$X$45,">"&X45))
A47: تعليمات: صف «مثال» لا يدخل في الترتيب. أدخل عدّات الحكمين أو المحاولات في الخلايا الصفراء فقط. الاختبارات الزمنية: سجّل الزمن النهائي بعد إضافة ثواني العقوبات، واترك المحاولة الفاشلة فارغة. التعادل في الترتيب يُحسم بمجموع العدّات ثم الأقل زمناً/الأكبر مسافة ثم الأصغر سناً (يدوياً).

Sheet اختبارات إعدادي بنين
A1: سجل اختبارات اللياقة البدنية - إعدادي بنين
A2: المنطقة الأزهرية: .............. الإدارة التعليمية: .............. المعهد: .............. العام الدراسي: 2026/2027
A3: م | B3: الاسم | C3: تاريخ الميلاد | D3: الصف | E3: الجري في المكان (15ث) - عدد | I3: الجلوس من الرقود (30ث) - عدد | M3: الانبطاح المائل - عدد | Q3: الوثب العريض من الثبات - سم | U3: الجري الزجزاجي (30م) - زمن (ث) | Y3: إجمالي الدرجات | Z3: متوسط الدرجة (من 10) | AA3: التقدير | AB3: مجموع عدّات (الجري+الجلوس+الانبطاح) | AC3: الترتيب
E4: حكم 1 | F4: حكم 2 | G4: المتوسط | H4: الدرجة | I4: حكم 1 | J4: حكم 2 | K4: المتوسط | L4: الدرجة | M4: حكم 1 | N4: حكم 2 | O4: المتوسط | P4: الدرجة | Q4: محاولة 1 | R4: محاولة 2 | S4: الأفضل | T4: الدرجة | U4: محاولة 1 | V4: محاولة 2 | W4: الأفضل | X4: الدرجة
A5: مثال | B5: طالب (مثال) | C5: 2015-03-10 | D5: الثاني | E5: 28 | F5: 29 | G5: =IF(COUNT(E5:F5)=0,"",AVERAGE(E5:F5)) -> 28.5 | H5: =IF(G5="","",SUMPRODUCT(--(G5>=المساطر!$B$20:$B$29))) -> 5 | I5: 27 | J5: 27 | K5: =IF(COUNT(I5:J5)=0,"",AVERAGE(I5:J5)) -> 27 | L5: =IF(K5="","",SUMPRODUCT(--(K5>=المساطر!$C$20:$C$29))) -> 5 | M5: 25 | N5: 26 | O5: =IF(COUNT(M5:N5)=0,"",AVERAGE(M5:N5)) -> 25.5 | P5: =IF(O5="","",SUMPRODUCT(--(O5>=المساطر!$D$20:$D$29))) -> 3 | Q5: 200 | R5: 205 | S5: =IF(COUNT(Q5:R5)=0,"",MAX(Q5:R5)) -> 205 | T5: =IF(S5="","",SUMPRODUCT(--(S5>=المساطر!$E$20:$E$29))) -> 8 | U5: 11.4 | V5: 11.9 | W5: =IF(COUNT(U5:V5)=0,"",MIN(U5:V5)) -> 11.4 | X5: =IF(W5="","",SUMPRODUCT(--(W5<=المساطر!$F$20:$F$29))) -> 7 | Y5: =IF(COUNT(H5,L5,P5,T5,X5)=5,SUM(H5,L5,P5,T5,X5),"") -> 28 | Z5: =IF(Y5="","",Y5/5) -> 5.6 | AA5: =IF(Z5="","",IF(ROUND(Z5,0)>=9,"ممتاز",IF(ROUND(Z5,0)>=7,"جيد جدا",IF(ROUND(Z5,0)>=5,"جيد",IF(ROUND(Z5,0)>=3,"مقبول","ضعيف"))))) -> جيد | AB5: =IF(COUNT(G5,K5,O5)=3,SUM(G5,K5,O5),"") -> 81 | AC5: =IF(Y5="","",1+COUNTIF($Y$6:$Y$45,">"&Y5)+COUNTIFS($Y$6:$Y$45,Y5,$AB$6:$AB$45,">"&AB5)) -> 1
A6: 1 | G6: =IF(COUNT(E6:F6)=0,"",AVERAGE(E6:F6)) | H6: =IF(G6="","",SUMPRODUCT(--(G6>=المساطر!$B$20:$B$29))) | K6: =IF(COUNT(I6:J6)=0,"",AVERAGE(I6:J6)) | L6: =IF(K6="","",SUMPRODUCT(--(K6>=المساطر!$C$20:$C$29))) | O6: =IF(COUNT(M6:N6)=0,"",AVERAGE(M6:N6)) | P6: =IF(O6="","",SUMPRODUCT(--(O6>=المساطر!$D$20:$D$29))) | S6: =IF(COUNT(Q6:R6)=0,"",MAX(Q6:R6)) | T6: =IF(S6="","",SUMPRODUCT(--(S6>=المساطر!$E$20:$E$29))) | W6: =IF(COUNT(U6:V6)=0,"",MIN(U6:V6)) | X6: =IF(W6="","",SUMPRODUCT(--(W6<=المساطر!$F$20:$F$29))) | Y6: =IF(COUNT(H6,L6,P6,T6,X6)=5,SUM(H6,L6,P6,T6,X6),"") | Z6: =IF(Y6="","",Y6/5) | AA6: =IF(Z6="","",IF(ROUND(Z6,0)>=9,"ممتاز",IF(ROUND(Z6,0)>=7,"جيد جدا",IF(ROUND(Z6,0)>=5,"جيد",IF(ROUND(Z6,0)>=3,"مقبول","ضعيف"))))) | AB6: =IF(COUNT(G6,K6,O6)=3,SUM(G6,K6,O6),"") | AC6: =IF(Y6="","",1+COUNTIF($Y$6:$Y$45,">"&Y6)+COUNTIFS($Y$6:$Y$45,Y6,$AB$6:$AB$45,">"&AB6))
A7: 2 | G7: =IF(COUNT(E7:F7)=0,"",AVERAGE(E7:F7)) | H7: =IF(G7="","",SUMPRODUCT(--(G7>=المساطر!$B$20:$B$29))) | K7: =IF(COUNT(I7:J7)=0,"",AVERAGE(I7:J7)) | L7: =IF(K7="","",SUMPRODUCT(--(K7>=المساطر!$C$20:$C$29))) | O7: =IF(COUNT(M7:N7)=0,"",AVERAGE(M7:N7)) | P7: =IF(O7="","",SUMPRODUCT(--(O7>=المساطر!$D$20:$D$29))) | S7: =IF(COUNT(Q7:R7)=0,"",MAX(Q7:R7)) | T7: =IF(S7="","",SUMPRODUCT(--(S7>=المساطر!$E$20:$E$29))) | W7: =IF(COUNT(U7:V7)=0,"",MIN(U7:V7)) | X7: =IF(W7="","",SUMPRODUCT(--(W7<=المساطر!$F$20:$F$29))) | Y7: =IF(COUNT(H7,L7,P7,T7,X7)=5,SUM(H7,L7,P7,T7,X7),"") | Z7: =IF(Y7="","",Y7/5) | AA7: =IF(Z7="","",IF(ROUND(Z7,0)>=9,"ممتاز",IF(ROUND(Z7,0)>=7,"جيد جدا",IF(ROUND(Z7,0)>=5,"جيد",IF(ROUND(Z7,0)>=3,"مقبول","ضعيف"))))) | AB7: =IF(COUNT(G7,K7,O7)=3,SUM(G7,K7,O7),"") | AC7: =IF(Y7="","",1+COUNTIF($Y$6:$Y$45,">"&Y7)+COUNTIFS($Y$6:$Y$45,Y7,$AB$6:$AB$45,">"&AB7))
A8: 3 | G8: =IF(COUNT(E8:F8)=0,"",AVERAGE(E8:F8)) | H8: =IF(G8="","",SUMPRODUCT(--(G8>=المساطر!$B$20:$B$29))) | K8: =IF(COUNT(I8:J8)=0,"",AVERAGE(I8:J8)) | L8: =IF(K8="","",SUMPRODUCT(--(K8>=المساطر!$C$20:$C$29))) | O8: =IF(COUNT(M8:N8)=0,"",AVERAGE(M8:N8)) | P8: =IF(O8="","",SUMPRODUCT(--(O8>=المساطر!$D$20:$D$29))) | S8: =IF(COUNT(Q8:R8)=0,"",MAX(Q8:R8)) | T8: =IF(S8="","",SUMPRODUCT(--(S8>=المساطر!$E$20:$E$29))) | W8: =IF(COUNT(U8:V8)=0,"",MIN(U8:V8)) | X8: =IF(W8="","",SUMPRODUCT(--(W8<=المساطر!$F$20:$F$29))) | Y8: =IF(COUNT(H8,L8,P8,T8,X8)=5,SUM(H8,L8,P8,T8,X8),"") | Z8: =IF(Y8="","",Y8/5) | AA8: =IF(Z8="","",IF(ROUND(Z8,0)>=9,"ممتاز",IF(ROUND(Z8,0)>=7,"جيد جدا",IF(ROUND(Z8,0)>=5,"جيد",IF(ROUND(Z8,0)>=3,"مقبول","ضعيف"))))) | AB8: =IF(COUNT(G8,K8,O8)=3,SUM(G8,K8,O8),"") | AC8: =IF(Y8="","",1+COUNTIF($Y$6:$Y$45,">"&Y8)+COUNTIFS($Y$6:$Y$45,Y8,$AB$6:$AB$45,">"&AB8))
A9: 4 | G9: =IF(COUNT(E9:F9)=0,"",AVERAGE(E9:F9)) | H9: =IF(G9="","",SUMPRODUCT(--(G9>=المساطر!$B$20:$B$29))) | K9: =IF(COUNT(I9:J9)=0,"",AVERAGE(I9:J9)) | L9: =IF(K9="","",SUMPRODUCT(--(K9>=المساطر!$C$20:$C$29))) | O9: =IF(COUNT(M9:N9)=0,"",AVERAGE(M9:N9)) | P9: =IF(O9="","",SUMPRODUCT(--(O9>=المساطر!$D$20:$D$29))) | S9: =IF(COUNT(Q9:R9)=0,"",MAX(Q9:R9)) | T9: =IF(S9="","",SUMPRODUCT(--(S9>=المساطر!$E$20:$E$29))) | W9: =IF(COUNT(U9:V9)=0,"",MIN(U9:V9)) | X9: =IF(W9="","",SUMPRODUCT(--(W9<=المساطر!$F$20:$F$29))) | Y9: =IF(COUNT(H9,L9,P9,T9,X9)=5,SUM(H9,L9,P9,T9,X9),"") | Z9: =IF(Y9="","",Y9/5) | AA9: =IF(Z9="","",IF(ROUND(Z9,0)>=9,"ممتاز",IF(ROUND(Z9,0)>=7,"جيد جدا",IF(ROUND(Z9,0)>=5,"جيد",IF(ROUND(Z9,0)>=3,"مقبول","ضعيف"))))) | AB9: =IF(COUNT(G9,K9,O9)=3,SUM(G9,K9,O9),"") | AC9: =IF(Y9="","",1+COUNTIF($Y$6:$Y$45,">"&Y9)+COUNTIFS($Y$6:$Y$45,Y9,$AB$6:$AB$45,">"&AB9))
A10: 5 | G10: =IF(COUNT(E10:F10)=0,"",AVERAGE(E10:F10)) | H10: =IF(G10="","",SUMPRODUCT(--(G10>=المساطر!$B$20:$B$29))) | K10: =IF(COUNT(I10:J10)=0,"",AVERAGE(I10:J10)) | L10: =IF(K10="","",SUMPRODUCT(--(K10>=المساطر!$C$20:$C$29))) | O10: =IF(COUNT(M10:N10)=0,"",AVERAGE(M10:N10)) | P10: =IF(O10="","",SUMPRODUCT(--(O10>=المساطر!$D$20:$D$29))) | S10: =IF(COUNT(Q10:R10)=0,"",MAX(Q10:R10)) | T10: =IF(S10="","",SUMPRODUCT(--(S10>=المساطر!$E$20:$E$29))) | W10: =IF(COUNT(U10:V10)=0,"",MIN(U10:V10)) | X10: =IF(W10="","",SUMPRODUCT(--(W10<=المساطر!$F$20:$F$29))) | Y10: =IF(COUNT(H10,L10,P10,T10,X10)=5,SUM(H10,L10,P10,T10,X10),"") | Z10: =IF(Y10="","",Y10/5) | AA10: =IF(Z10="","",IF(ROUND(Z10,0)>=9,"ممتاز",IF(ROUND(Z10,0)>=7,"جيد جدا",IF(ROUND(Z10,0)>=5,"جيد",IF(ROUND(Z10,0)>=3,"مقبول","ضعيف"))))) | AB10: =IF(COUNT(G10,K10,O10)=3,SUM(G10,K10,O10),"") | AC10: =IF(Y10="","",1+COUNTIF($Y$6:$Y$45,">"&Y10)+COUNTIFS($Y$6:$Y$45,Y10,$AB$6:$AB$45,">"&AB10))
A11: 6 | G11: =IF(COUNT(E11:F11)=0,"",AVERAGE(E11:F11)) | H11: =IF(G11="","",SUMPRODUCT(--(G11>=المساطر!$B$20:$B$29))) | K11: =IF(COUNT(I11:J11)=0,"",AVERAGE(I11:J11)) | L11: =IF(K11="","",SUMPRODUCT(--(K11>=المساطر!$C$20:$C$29))) | O11: =IF(COUNT(M11:N11)=0,"",AVERAGE(M11:N11)) | P11: =IF(O11="","",SUMPRODUCT(--(O11>=المساطر!$D$20:$D$29))) | S11: =IF(COUNT(Q11:R11)=0,"",MAX(Q11:R11)) | T11: =IF(S11="","",SUMPRODUCT(--(S11>=المساطر!$E$20:$E$29))) | W11: =IF(COUNT(U11:V11)=0,"",MIN(U11:V11)) | X11: =IF(W11="","",SUMPRODUCT(--(W11<=المساطر!$F$20:$F$29))) | Y11: =IF(COUNT(H11,L11,P11,T11,X11)=5,SUM(H11,L11,P11,T11,X11),"") | Z11: =IF(Y11="","",Y11/5) | AA11: =IF(Z11="","",IF(ROUND(Z11,0)>=9,"ممتاز",IF(ROUND(Z11,0)>=7,"جيد جدا",IF(ROUND(Z11,0)>=5,"جيد",IF(ROUND(Z11,0)>=3,"مقبول","ضعيف"))))) | AB11: =IF(COUNT(G11,K11,O11)=3,SUM(G11,K11,O11),"") | AC11: =IF(Y11="","",1+COUNTIF($Y$6:$Y$45,">"&Y11)+COUNTIFS($Y$6:$Y$45,Y11,$AB$6:$AB$45,">"&AB11))
A12: 7 | G12: =IF(COUNT(E12:F12)=0,"",AVERAGE(E12:F12)) | H12: =IF(G12="","",SUMPRODUCT(--(G12>=المساطر!$B$20:$B$29))) | K12: =IF(COUNT(I12:J12)=0,"",AVERAGE(I12:J12)) | L12: =IF(K12="","",SUMPRODUCT(--(K12>=المساطر!$C$20:$C$29))) | O12: =IF(COUNT(M12:N12)=0,"",AVERAGE(M12:N12)) | P12: =IF(O12="","",SUMPRODUCT(--(O12>=المساطر!$D$20:$D$29))) | S12: =IF(COUNT(Q12:R12)=0,"",MAX(Q12:R12)) | T12: =IF(S12="","",SUMPRODUCT(--(S12>=المساطر!$E$20:$E$29))) | W12: =IF(COUNT(U12:V12)=0,"",MIN(U12:V12)) | X12: =IF(W12="","",SUMPRODUCT(--(W12<=المساطر!$F$20:$F$29))) | Y12: =IF(COUNT(H12,L12,P12,T12,X12)=5,SUM(H12,L12,P12,T12,X12),"") | Z12: =IF(Y12="","",Y12/5) | AA12: =IF(Z12="","",IF(ROUND(Z12,0)>=9,"ممتاز",IF(ROUND(Z12,0)>=7,"جيد جدا",IF(ROUND(Z12,0)>=5,"جيد",IF(ROUND(Z12,0)>=3,"مقبول","ضعيف"))))) | AB12: =IF(COUNT(G12,K12,O12)=3,SUM(G12,K12,O12),"") | AC12: =IF(Y12="","",1+COUNTIF($Y$6:$Y$45,">"&Y12)+COUNTIFS($Y$6:$Y$45,Y12,$AB$6:$AB$45,">"&AB12))
A13: 8 | G13: =IF(COUNT(E13:F13)=0,"",AVERAGE(E13:F13)) | H13: =IF(G13="","",SUMPRODUCT(--(G13>=المساطر!$B$20:$B$29))) | K13: =IF(COUNT(I13:J13)=0,"",AVERAGE(I13:J13)) | L13: =IF(K13="","",SUMPRODUCT(--(K13>=المساطر!$C$20:$C$29))) | O13: =IF(COUNT(M13:N13)=0,"",AVERAGE(M13:N13)) | P13: =IF(O13="","",SUMPRODUCT(--(O13>=المساطر!$D$20:$D$29))) | S13: =IF(COUNT(Q13:R13)=0,"",MAX(Q13:R13)) | T13: =IF(S13="","",SUMPRODUCT(--(S13>=المساطر!$E$20:$E$29))) | W13: =IF(COUNT(U13:V13)=0,"",MIN(U13:V13)) | X13: =IF(W13="","",SUMPRODUCT(--(W13<=المساطر!$F$20:$F$29))) | Y13: =IF(COUNT(H13,L13,P13,T13,X13)=5,SUM(H13,L13,P13,T13,X13),"") | Z13: =IF(Y13="","",Y13/5) | AA13: =IF(Z13="","",IF(ROUND(Z13,0)>=9,"ممتاز",IF(ROUND(Z13,0)>=7,"جيد جدا",IF(ROUND(Z13,0)>=5,"جيد",IF(ROUND(Z13,0)>=3,"مقبول","ضعيف"))))) | AB13: =IF(COUNT(G13,K13,O13)=3,SUM(G13,K13,O13),"") | AC13: =IF(Y13="","",1+COUNTIF($Y$6:$Y$45,">"&Y13)+COUNTIFS($Y$6:$Y$45,Y13,$AB$6:$AB$45,">"&AB13))
A14: 9 | G14: =IF(COUNT(E14:F14)=0,"",AVERAGE(E14:F14)) | H14: =IF(G14="","",SUMPRODUCT(--(G14>=المساطر!$B$20:$B$29))) | K14: =IF(COUNT(I14:J14)=0,"",AVERAGE(I14:J14)) | L14: =IF(K14="","",SUMPRODUCT(--(K14>=المساطر!$C$20:$C$29))) | O14: =IF(COUNT(M14:N14)=0,"",AVERAGE(M14:N14)) | P14: =IF(O14="","",SUMPRODUCT(--(O14>=المساطر!$D$20:$D$29))) | S14: =IF(COUNT(Q14:R14)=0,"",MAX(Q14:R14)) | T14: =IF(S14="","",SUMPRODUCT(--(S14>=المساطر!$E$20:$E$29))) | W14: =IF(COUNT(U14:V14)=0,"",MIN(U14:V14)) | X14: =IF(W14="","",SUMPRODUCT(--(W14<=المساطر!$F$20:$F$29))) | Y14: =IF(COUNT(H14,L14,P14,T14,X14)=5,SUM(H14,L14,P14,T14,X14),"") | Z14: =IF(Y14="","",Y14/5) | AA14: =IF(Z14="","",IF(ROUND(Z14,0)>=9,"ممتاز",IF(ROUND(Z14,0)>=7,"جيد جدا",IF(ROUND(Z14,0)>=5,"جيد",IF(ROUND(Z14,0)>=3,"مقبول","ضعيف"))))) | AB14: =IF(COUNT(G14,K14,O14)=3,SUM(G14,K14,O14),"") | AC14: =IF(Y14="","",1+COUNTIF($Y$6:$Y$45,">"&Y14)+COUNTIFS($Y$6:$Y$45,Y14,$AB$6:$AB$45,">"&AB14))
A15: 10 | G15: =IF(COUNT(E15:F15)=0,"",AVERAGE(E15:F15)) | H15: =IF(G15="","",SUMPRODUCT(--(G15>=المساطر!$B$20:$B$29))) | K15: =IF(COUNT(I15:J15)=0,"",AVERAGE(I15:J15)) | L15: =IF(K15="","",SUMPRODUCT(--(K15>=المساطر!$C$20:$C$29))) | O15: =IF(COUNT(M15:N15)=0,"",AVERAGE(M15:N15)) | P15: =IF(O15="","",SUMPRODUCT(--(O15>=المساطر!$D$20:$D$29))) | S15: =IF(COUNT(Q15:R15)=0,"",MAX(Q15:R15)) | T15: =IF(S15="","",SUMPRODUCT(--(S15>=المساطر!$E$20:$E$29))) | W15: =IF(COUNT(U15:V15)=0,"",MIN(U15:V15)) | X15: =IF(W15="","",SUMPRODUCT(--(W15<=المساطر!$F$20:$F$29))) | Y15: =IF(COUNT(H15,L15,P15,T15,X15)=5,SUM(H15,L15,P15,T15,X15),"") | Z15: =IF(Y15="","",Y15/5) | AA15: =IF(Z15="","",IF(ROUND(Z15,0)>=9,"ممتاز",IF(ROUND(Z15,0)>=7,"جيد جدا",IF(ROUND(Z15,0)>=5,"جيد",IF(ROUND(Z15,0)>=3,"مقبول","ضعيف"))))) | AB15: =IF(COUNT(G15,K15,O15)=3,SUM(G15,K15,O15),"") | AC15: =IF(Y15="","",1+COUNTIF($Y$6:$Y$45,">"&Y15)+COUNTIFS($Y$6:$Y$45,Y15,$AB$6:$AB$45,">"&AB15))
A16: 11 | G16: =IF(COUNT(E16:F16)=0,"",AVERAGE(E16:F16)) | H16: =IF(G16="","",SUMPRODUCT(--(G16>=المساطر!$B$20:$B$29))) | K16: =IF(COUNT(I16:J16)=0,"",AVERAGE(I16:J16)) | L16: =IF(K16="","",SUMPRODUCT(--(K16>=المساطر!$C$20:$C$29))) | O16: =IF(COUNT(M16:N16)=0,"",AVERAGE(M16:N16)) | P16: =IF(O16="","",SUMPRODUCT(--(O16>=المساطر!$D$20:$D$29))) | S16: =IF(COUNT(Q16:R16)=0,"",MAX(Q16:R16)) | T16: =IF(S16="","",SUMPRODUCT(--(S16>=المساطر!$E$20:$E$29))) | W16: =IF(COUNT(U16:V16)=0,"",MIN(U16:V16)) | X16: =IF(W16="","",SUMPRODUCT(--(W16<=المساطر!$F$20:$F$29))) | Y16: =IF(COUNT(H16,L16,P16,T16,X16)=5,SUM(H16,L16,P16,T16,X16),"") | Z16: =IF(Y16="","",Y16/5) | AA16: =IF(Z16="","",IF(ROUND(Z16,0)>=9,"ممتاز",IF(ROUND(Z16,0)>=7,"جيد جدا",IF(ROUND(Z16,0)>=5,"جيد",IF(ROUND(Z16,0)>=3,"مقبول","ضعيف"))))) | AB16: =IF(COUNT(G16,K16,O16)=3,SUM(G16,K16,O16),"") | AC16: =IF(Y16="","",1+COUNTIF($Y$6:$Y$45,">"&Y16)+COUNTIFS($Y$6:$Y$45,Y16,$AB$6:$AB$45,">"&AB16))
A17: 12 | G17: =IF(COUNT(E17:F17)=0,"",AVERAGE(E17:F17)) | H17: =IF(G17="","",SUMPRODUCT(--(G17>=المساطر!$B$20:$B$29))) | K17: =IF(COUNT(I17:J17)=0,"",AVERAGE(I17:J17)) | L17: =IF(K17="","",SUMPRODUCT(--(K17>=المساطر!$C$20:$C$29))) | O17: =IF(COUNT(M17:N17)=0,"",AVERAGE(M17:N17)) | P17: =IF(O17="","",SUMPRODUCT(--(O17>=المساطر!$D$20:$D$29))) | S17: =IF(COUNT(Q17:R17)=0,"",MAX(Q17:R17)) | T17: =IF(S17="","",SUMPRODUCT(--(S17>=المساطر!$E$20:$E$29))) | W17: =IF(COUNT(U17:V17)=0,"",MIN(U17:V17)) | X17: =IF(W17="","",SUMPRODUCT(--(W17<=المساطر!$F$20:$F$29))) | Y17: =IF(COUNT(H17,L17,P17,T17,X17)=5,SUM(H17,L17,P17,T17,X17),"") | Z17: =IF(Y17="","",Y17/5) | AA17: =IF(Z17="","",IF(ROUND(Z17,0)>=9,"ممتاز",IF(ROUND(Z17,0)>=7,"جيد جدا",IF(ROUND(Z17,0)>=5,"جيد",IF(ROUND(Z17,0)>=3,"مقبول","ضعيف"))))) | AB17: =IF(COUNT(G17,K17,O17)=3,SUM(G17,K17,O17),"") | AC17: =IF(Y17="","",1+COUNTIF($Y$6:$Y$45,">"&Y17)+COUNTIFS($Y$6:$Y$45,Y17,$AB$6:$AB$45,">"&AB17))
... A45: 40 | G45: =IF(COUNT(E45:F45)=0,"",AVERAGE(E45:F45)) | H45: =IF(G45="","",SUMPRODUCT(--(G45>=المساطر!$B$20:$B$29))) | K45: =IF(COUNT(I45:J45)=0,"",AVERAGE(I45:J45)) | L45: =IF(K45="","",SUMPRODUCT(--(K45>=المساطر!$C$20:$C$29))) | O45: =IF(COUNT(M45:N45)=0,"",AVERAGE(M45:N45)) | P45: =IF(O45="","",SUMPRODUCT(--(O45>=المساطر!$D$20:$D$29))) | S45: =IF(COUNT(Q45:R45)=0,"",MAX(Q45:R45)) | T45: =IF(S45="","",SUMPRODUCT(--(S45>=المساطر!$E$20:$E$29))) | W45: =IF(COUNT(U45:V45)=0,"",MIN(U45:V45)) | X45: =IF(W45="","",SUMPRODUCT(--(W45<=المساطر!$F$20:$F$29))) | Y45: =IF(COUNT(H45,L45,P45,T45,X45)=5,SUM(H45,L45,P45,T45,X45),"") | Z45: =IF(Y45="","",Y45/5) | AA45: =IF(Z45="","",IF(ROUND(Z45,0)>=9,"ممتاز",IF(ROUND(Z45,0)>=7,"جيد جدا",IF(ROUND(Z45,0)>=5,"جيد",IF(ROUND(Z45,0)>=3,"مقبول","ضعيف"))))) | AB45: =IF(COUNT(G45,K45,O45)=3,SUM(G45,K45,O45),"") | AC45: =IF(Y45="","",1+COUNTIF($Y$6:$Y$45,">"&Y45)+COUNTIFS($Y$6:$Y$45,Y45,$AB$6:$AB$45,">"&AB45))
A47: تعليمات: صف «مثال» لا يدخل في الترتيب. أدخل عدّات الحكمين أو المحاولات في الخلايا الصفراء فقط. الاختبارات الزمنية: سجّل الزمن النهائي بعد إضافة ثواني العقوبات، واترك المحاولة الفاشلة فارغة. التعادل في الترتيب يُحسم بمجموع العدّات ثم الأقل زمناً/الأكبر مسافة ثم الأصغر سناً (يدوياً).

Sheet اختبارات ثانوي بنين
A1: سجل اختبارات اللياقة البدنية - ثانوي بنين
A2: المنطقة الأزهرية: .............. الإدارة التعليمية: .............. المعهد: .............. العام الدراسي: 2026/2027
A3: م | B3: الاسم | C3: تاريخ الميلاد | D3: الصف | E3: الجري في المكان (15ث) - عدد | I3: الجلوس من الرقود (30ث) - عدد | M3: الانبطاح المائل - عدد | Q3: الجري متعدد الجهات - زمن (ث) | U3: ثني الجذع من الوقوف - سم | Y3: إجمالي الدرجات | Z3: متوسط الدرجة (من 10) | AA3: التقدير | AB3: مجموع عدّات (الجري+الجلوس+الانبطاح) | AC3: الترتيب
E4: حكم 1 | F4: حكم 2 | G4: المتوسط | H4: الدرجة | I4: حكم 1 | J4: حكم 2 | K4: المتوسط | L4: الدرجة | M4: حكم 1 | N4: حكم 2 | O4: المتوسط | P4: الدرجة | Q4: محاولة 1 | R4: محاولة 2 | S4: الأفضل | T4: الدرجة | U4: محاولة 1 | V4: محاولة 2 | W4: الأفضل | X4: الدرجة
A5: مثال | B5: طالب (مثال) | C5: 2015-03-10 | D5: الثاني | E5: 30 | F5: 31 | G5: =IF(COUNT(E5:F5)=0,"",AVERAGE(E5:F5)) -> 30.5 | H5: =IF(G5="","",SUMPRODUCT(--(G5>=المساطر!$B$34:$B$43))) -> 5 | I5: 29 | J5: 29 | K5: =IF(COUNT(I5:J5)=0,"",AVERAGE(I5:J5)) -> 29 | L5: =IF(K5="","",SUMPRODUCT(--(K5>=المساطر!$C$34:$C$43))) -> 5 | M5: 46 | N5: 47 | O5: =IF(COUNT(M5:N5)=0,"",AVERAGE(M5:N5)) -> 46.5 | P5: =IF(O5="","",SUMPRODUCT(--(O5>=المساطر!$D$34:$D$43))) -> 7 | Q5: 13.9 | R5: 13.6 | S5: =IF(COUNT(Q5:R5)=0,"",MIN(Q5:R5)) -> 13.6 | T5: =IF(S5="","",SUMPRODUCT(--(S5<=المساطر!$E$34:$E$43))) -> 7 | U5: 12 | W5: =IF(COUNT(U5:V5)=0,"",MAX(U5:V5)) -> 12 | X5: =IF(W5="","",SUMPRODUCT(--(W5>=المساطر!$F$34:$F$43))) -> 6 | Y5: =IF(COUNT(H5,L5,P5,T5,X5)=5,SUM(H5,L5,P5,T5,X5),"") -> 30 | Z5: =IF(Y5="","",Y5/5) -> 6 | AA5: =IF(Z5="","",IF(ROUND(Z5,0)>=9,"ممتاز",IF(ROUND(Z5,0)>=7,"جيد جدا",IF(ROUND(Z5,0)>=5,"جيد",IF(ROUND(Z5,0)>=3,"مقبول","ضعيف"))))) -> جيد | AB5: =IF(COUNT(G5,K5,O5)=3,SUM(G5,K5,O5),"") -> 106 | AC5: =IF(Y5="","",1+COUNTIF($Y$6:$Y$45,">"&Y5)+COUNTIFS($Y$6:$Y$45,Y5,$AB$6:$AB$45,">"&AB5)) -> 1
A6: 1 | G6: =IF(COUNT(E6:F6)=0,"",AVERAGE(E6:F6)) | H6: =IF(G6="","",SUMPRODUCT(--(G6>=المساطر!$B$34:$B$43))) | K6: =IF(COUNT(I6:J6)=0,"",AVERAGE(I6:J6)) | L6: =IF(K6="","",SUMPRODUCT(--(K6>=المساطر!$C$34:$C$43))) | O6: =IF(COUNT(M6:N6)=0,"",AVERAGE(M6:N6)) | P6: =IF(O6="","",SUMPRODUCT(--(O6>=المساطر!$D$34:$D$43))) | S6: =IF(COUNT(Q6:R6)=0,"",MIN(Q6:R6)) | T6: =IF(S6="","",SUMPRODUCT(--(S6<=المساطر!$E$34:$E$43))) | W6: =IF(COUNT(U6:V6)=0,"",MAX(U6:V6)) | X6: =IF(W6="","",SUMPRODUCT(--(W6>=المساطر!$F$34:$F$43))) | Y6: =IF(COUNT(H6,L6,P6,T6,X6)=5,SUM(H6,L6,P6,T6,X6),"") | Z6: =IF(Y6="","",Y6/5) | AA6: =IF(Z6="","",IF(ROUND(Z6,0)>=9,"ممتاز",IF(ROUND(Z6,0)>=7,"جيد جدا",IF(ROUND(Z6,0)>=5,"جيد",IF(ROUND(Z6,0)>=3,"مقبول","ضعيف"))))) | AB6: =IF(COUNT(G6,K6,O6)=3,SUM(G6,K6,O6),"") | AC6: =IF(Y6="","",1+COUNTIF($Y$6:$Y$45,">"&Y6)+COUNTIFS($Y$6:$Y$45,Y6,$AB$6:$AB$45,">"&AB6))
A7: 2 | G7: =IF(COUNT(E7:F7)=0,"",AVERAGE(E7:F7)) | H7: =IF(G7="","",SUMPRODUCT(--(G7>=المساطر!$B$34:$B$43))) | K7: =IF(COUNT(I7:J7)=0,"",AVERAGE(I7:J7)) | L7: =IF(K7="","",SUMPRODUCT(--(K7>=المساطر!$C$34:$C$43))) | O7: =IF(COUNT(M7:N7)=0,"",AVERAGE(M7:N7)) | P7: =IF(O7="","",SUMPRODUCT(--(O7>=المساطر!$D$34:$D$43))) | S7: =IF(COUNT(Q7:R7)=0,"",MIN(Q7:R7)) | T7: =IF(S7="","",SUMPRODUCT(--(S7<=المساطر!$E$34:$E$43))) | W7: =IF(COUNT(U7:V7)=0,"",MAX(U7:V7)) | X7: =IF(W7="","",SUMPRODUCT(--(W7>=المساطر!$F$34:$F$43))) | Y7: =IF(COUNT(H7,L7,P7,T7,X7)=5,SUM(H7,L7,P7,T7,X7),"") | Z7: =IF(Y7="","",Y7/5) | AA7: =IF(Z7="","",IF(ROUND(Z7,0)>=9,"ممتاز",IF(ROUND(Z7,0)>=7,"جيد جدا",IF(ROUND(Z7,0)>=5,"جيد",IF(ROUND(Z7,0)>=3,"مقبول","ضعيف"))))) | AB7: =IF(COUNT(G7,K7,O7)=3,SUM(G7,K7,O7),"") | AC7: =IF(Y7="","",1+COUNTIF($Y$6:$Y$45,">"&Y7)+COUNTIFS($Y$6:$Y$45,Y7,$AB$6:$AB$45,">"&AB7))
A8: 3 | G8: =IF(COUNT(E8:F8)=0,"",AVERAGE(E8:F8)) | H8: =IF(G8="","",SUMPRODUCT(--(G8>=المساطر!$B$34:$B$43))) | K8: =IF(COUNT(I8:J8)=0,"",AVERAGE(I8:J8)) | L8: =IF(K8="","",SUMPRODUCT(--(K8>=المساطر!$C$34:$C$43))) | O8: =IF(COUNT(M8:N8)=0,"",AVERAGE(M8:N8)) | P8: =IF(O8="","",SUMPRODUCT(--(O8>=المساطر!$D$34:$D$43))) | S8: =IF(COUNT(Q8:R8)=0,"",MIN(Q8:R8)) | T8: =IF(S8="","",SUMPRODUCT(--(S8<=المساطر!$E$34:$E$43))) | W8: =IF(COUNT(U8:V8)=0,"",MAX(U8:V8)) | X8: =IF(W8="","",SUMPRODUCT(--(W8>=المساطر!$F$34:$F$43))) | Y8: =IF(COUNT(H8,L8,P8,T8,X8)=5,SUM(H8,L8,P8,T8,X8),"") | Z8: =IF(Y8="","",Y8/5) | AA8: =IF(Z8="","",IF(ROUND(Z8,0)>=9,"ممتاز",IF(ROUND(Z8,0)>=7,"جيد جدا",IF(ROUND(Z8,0)>=5,"جيد",IF(ROUND(Z8,0)>=3,"مقبول","ضعيف"))))) | AB8: =IF(COUNT(G8,K8,O8)=3,SUM(G8,K8,O8),"") | AC8: =IF(Y8="","",1+COUNTIF($Y$6:$Y$45,">"&Y8)+COUNTIFS($Y$6:$Y$45,Y8,$AB$6:$AB$45,">"&AB8))
A9: 4 | G9: =IF(COUNT(E9:F9)=0,"",AVERAGE(E9:F9)) | H9: =IF(G9="","",SUMPRODUCT(--(G9>=المساطر!$B$34:$B$43))) | K9: =IF(COUNT(I9:J9)=0,"",AVERAGE(I9:J9)) | L9: =IF(K9="","",SUMPRODUCT(--(K9>=المساطر!$C$34:$C$43))) | O9: =IF(COUNT(M9:N9)=0,"",AVERAGE(M9:N9)) | P9: =IF(O9="","",SUMPRODUCT(--(O9>=المساطر!$D$34:$D$43))) | S9: =IF(COUNT(Q9:R9)=0,"",MIN(Q9:R9)) | T9: =IF(S9="","",SUMPRODUCT(--(S9<=المساطر!$E$34:$E$43))) | W9: =IF(COUNT(U9:V9)=0,"",MAX(U9:V9)) | X9: =IF(W9="","",SUMPRODUCT(--(W9>=المساطر!$F$34:$F$43))) | Y9: =IF(COUNT(H9,L9,P9,T9,X9)=5,SUM(H9,L9,P9,T9,X9),"") | Z9: =IF(Y9="","",Y9/5) | AA9: =IF(Z9="","",IF(ROUND(Z9,0)>=9,"ممتاز",IF(ROUND(Z9,0)>=7,"جيد جدا",IF(ROUND(Z9,0)>=5,"جيد",IF(ROUND(Z9,0)>=3,"مقبول","ضعيف"))))) | AB9: =IF(COUNT(G9,K9,O9)=3,SUM(G9,K9,O9),"") | AC9: =IF(Y9="","",1+COUNTIF($Y$6:$Y$45,">"&Y9)+COUNTIFS($Y$6:$Y$45,Y9,$AB$6:$AB$45,">"&AB9))
A10: 5 | G10: =IF(COUNT(E10:F10)=0,"",AVERAGE(E10:F10)) | H10: =IF(G10="","",SUMPRODUCT(--(G10>=المساطر!$B$34:$B$43))) | K10: =IF(COUNT(I10:J10)=0,"",AVERAGE(I10:J10)) | L10: =IF(K10="","",SUMPRODUCT(--(K10>=المساطر!$C$34:$C$43))) | O10: =IF(COUNT(M10:N10)=0,"",AVERAGE(M10:N10)) | P10: =IF(O10="","",SUMPRODUCT(--(O10>=المساطر!$D$34:$D$43))) | S10: =IF(COUNT(Q10:R10)=0,"",MIN(Q10:R10)) | T10: =IF(S10="","",SUMPRODUCT(--(S10<=المساطر!$E$34:$E$43))) | W10: =IF(COUNT(U10:V10)=0,"",MAX(U10:V10)) | X10: =IF(W10="","",SUMPRODUCT(--(W10>=المساطر!$F$34:$F$43))) | Y10: =IF(COUNT(H10,L10,P10,T10,X10)=5,SUM(H10,L10,P10,T10,X10),"") | Z10: =IF(Y10="","",Y10/5) | AA10: =IF(Z10="","",IF(ROUND(Z10,0)>=9,"ممتاز",IF(ROUND(Z10,0)>=7,"جيد جدا",IF(ROUND(Z10,0)>=5,"جيد",IF(ROUND(Z10,0)>=3,"مقبول","ضعيف"))))) | AB10: =IF(COUNT(G10,K10,O10)=3,SUM(G10,K10,O10),"") | AC10: =IF(Y10="","",1+COUNTIF($Y$6:$Y$45,">"&Y10)+COUNTIFS($Y$6:$Y$45,Y10,$AB$6:$AB$45,">"&AB10))
A11: 6 | G11: =IF(COUNT(E11:F11)=0,"",AVERAGE(E11:F11)) | H11: =IF(G11="","",SUMPRODUCT(--(G11>=المساطر!$B$34:$B$43))) | K11: =IF(COUNT(I11:J11)=0,"",AVERAGE(I11:J11)) | L11: =IF(K11="","",SUMPRODUCT(--(K11>=المساطر!$C$34:$C$43))) | O11: =IF(COUNT(M11:N11)=0,"",AVERAGE(M11:N11)) | P11: =IF(O11="","",SUMPRODUCT(--(O11>=المساطر!$D$34:$D$43))) | S11: =IF(COUNT(Q11:R11)=0,"",MIN(Q11:R11)) | T11: =IF(S11="","",SUMPRODUCT(--(S11<=المساطر!$E$34:$E$43))) | W11: =IF(COUNT(U11:V11)=0,"",MAX(U11:V11)) | X11: =IF(W11="","",SUMPRODUCT(--(W11>=المساطر!$F$34:$F$43))) | Y11: =IF(COUNT(H11,L11,P11,T11,X11)=5,SUM(H11,L11,P11,T11,X11),"") | Z11: =IF(Y11="","",Y11/5) | AA11: =IF(Z11="","",IF(ROUND(Z11,0)>=9,"ممتاز",IF(ROUND(Z11,0)>=7,"جيد جدا",IF(ROUND(Z11,0)>=5,"جيد",IF(ROUND(Z11,0)>=3,"مقبول","ضعيف"))))) | AB11: =IF(COUNT(G11,K11,O11)=3,SUM(G11,K11,O11),"") | AC11: =IF(Y11="","",1+COUNTIF($Y$6:$Y$45,">"&Y11)+COUNTIFS($Y$6:$Y$45,Y11,$AB$6:$AB$45,">"&AB11))
A12: 7 | G12: =IF(COUNT(E12:F12)=0,"",AVERAGE(E12:F12)) | H12: =IF(G12="","",SUMPRODUCT(--(G12>=المساطر!$B$34:$B$43))) | K12: =IF(COUNT(I12:J12)=0,"",AVERAGE(I12:J12)) | L12: =IF(K12="","",SUMPRODUCT(--(K12>=المساطر!$C$34:$C$43))) | O12: =IF(COUNT(M12:N12)=0,"",AVERAGE(M12:N12)) | P12: =IF(O12="","",SUMPRODUCT(--(O12>=المساطر!$D$34:$D$43))) | S12: =IF(COUNT(Q12:R12)=0,"",MIN(Q12:R12)) | T12: =IF(S12="","",SUMPRODUCT(--(S12<=المساطر!$E$34:$E$43))) | W12: =IF(COUNT(U12:V12)=0,"",MAX(U12:V12)) | X12: =IF(W12="","",SUMPRODUCT(--(W12>=المساطر!$F$34:$F$43))) | Y12: =IF(COUNT(H12,L12,P12,T12,X12)=5,SUM(H12,L12,P12,T12,X12),"") | Z12: =IF(Y12="","",Y12/5) | AA12: =IF(Z12="","",IF(ROUND(Z12,0)>=9,"ممتاز",IF(ROUND(Z12,0)>=7,"جيد جدا",IF(ROUND(Z12,0)>=5,"جيد",IF(ROUND(Z12,0)>=3,"مقبول","ضعيف"))))) | AB12: =IF(COUNT(G12,K12,O12)=3,SUM(G12,K12,O12),"") | AC12: =IF(Y12="","",1+COUNTIF($Y$6:$Y$45,">"&Y12)+COUNTIFS($Y$6:$Y$45,Y12,$AB$6:$AB$45,">"&AB12))
A13: 8 | G13: =IF(COUNT(E13:F13)=0,"",AVERAGE(E13:F13)) | H13: =IF(G13="","",SUMPRODUCT(--(G13>=المساطر!$B$34:$B$43))) | K13: =IF(COUNT(I13:J13)=0,"",AVERAGE(I13:J13)) | L13: =IF(K13="","",SUMPRODUCT(--(K13>=المساطر!$C$34:$C$43))) | O13: =IF(COUNT(M13:N13)=0,"",AVERAGE(M13:N13)) | P13: =IF(O13="","",SUMPRODUCT(--(O13>=المساطر!$D$34:$D$43))) | S13: =IF(COUNT(Q13:R13)=0,"",MIN(Q13:R13)) | T13: =IF(S13="","",SUMPRODUCT(--(S13<=المساطر!$E$34:$E$43))) | W13: =IF(COUNT(U13:V13)=0,"",MAX(U13:V13)) | X13: =IF(W13="","",SUMPRODUCT(--(W13>=المساطر!$F$34:$F$43))) | Y13: =IF(COUNT(H13,L13,P13,T13,X13)=5,SUM(H13,L13,P13,T13,X13),"") | Z13: =IF(Y13="","",Y13/5) | AA13: =IF(Z13="","",IF(ROUND(Z13,0)>=9,"ممتاز",IF(ROUND(Z13,0)>=7,"جيد جدا",IF(ROUND(Z13,0)>=5,"جيد",IF(ROUND(Z13,0)>=3,"مقبول","ضعيف"))))) | AB13: =IF(COUNT(G13,K13,O13)=3,SUM(G13,K13,O13),"") | AC13: =IF(Y13="","",1+COUNTIF($Y$6:$Y$45,">"&Y13)+COUNTIFS($Y$6:$Y$45,Y13,$AB$6:$AB$45,">"&AB13))
A14: 9 | G14: =IF(COUNT(E14:F14)=0,"",AVERAGE(E14:F14)) | H14: =IF(G14="","",SUMPRODUCT(--(G14>=المساطر!$B$34:$B$43))) | K14: =IF(COUNT(I14:J14)=0,"",AVERAGE(I14:J14)) | L14: =IF(K14="","",SUMPRODUCT(--(K14>=المساطر!$C$34:$C$43))) | O14: =IF(COUNT(M14:N14)=0,"",AVERAGE(M14:N14)) | P14: =IF(O14="","",SUMPRODUCT(--(O14>=المساطر!$D$34:$D$43))) | S14: =IF(COUNT(Q14:R14)=0,"",MIN(Q14:R14)) | T14: =IF(S14="","",SUMPRODUCT(--(S14<=المساطر!$E$34:$E$43))) | W14: =IF(COUNT(U14:V14)=0,"",MAX(U14:V14)) | X14: =IF(W14="","",SUMPRODUCT(--(W14>=المساطر!$F$34:$F$43))) | Y14: =IF(COUNT(H14,L14,P14,T14,X14)=5,SUM(H14,L14,P14,T14,X14),"") | Z14: =IF(Y14="","",Y14/5) | AA14: =IF(Z14="","",IF(ROUND(Z14,0)>=9,"ممتاز",IF(ROUND(Z14,0)>=7,"جيد جدا",IF(ROUND(Z14,0)>=5,"جيد",IF(ROUND(Z14,0)>=3,"مقبول","ضعيف"))))) | AB14: =IF(COUNT(G14,K14,O14)=3,SUM(G14,K14,O14),"") | AC14: =IF(Y14="","",1+COUNTIF($Y$6:$Y$45,">"&Y14)+COUNTIFS($Y$6:$Y$45,Y14,$AB$6:$AB$45,">"&AB14))
A15: 10 | G15: =IF(COUNT(E15:F15)=0,"",AVERAGE(E15:F15)) | H15: =IF(G15="","",SUMPRODUCT(--(G15>=المساطر!$B$34:$B$43))) | K15: =IF(COUNT(I15:J15)=0,"",AVERAGE(I15:J15)) | L15: =IF(K15="","",SUMPRODUCT(--(K15>=المساطر!$C$34:$C$43))) | O15: =IF(COUNT(M15:N15)=0,"",AVERAGE(M15:N15)) | P15: =IF(O15="","",SUMPRODUCT(--(O15>=المساطر!$D$34:$D$43))) | S15: =IF(COUNT(Q15:R15)=0,"",MIN(Q15:R15)) | T15: =IF(S15="","",SUMPRODUCT(--(S15<=المساطر!$E$34:$E$43))) | W15: =IF(COUNT(U15:V15)=0,"",MAX(U15:V15)) | X15: =IF(W15="","",SUMPRODUCT(--(W15>=المساطر!$F$34:$F$43))) | Y15: =IF(COUNT(H15,L15,P15,T15,X15)=5,SUM(H15,L15,P15,T15,X15),"") | Z15: =IF(Y15="","",Y15/5) | AA15: =IF(Z15="","",IF(ROUND(Z15,0)>=9,"ممتاز",IF(ROUND(Z15,0)>=7,"جيد جدا",IF(ROUND(Z15,0)>=5,"جيد",IF(ROUND(Z15,0)>=3,"مقبول","ضعيف"))))) | AB15: =IF(COUNT(G15,K15,O15)=3,SUM(G15,K15,O15),"") | AC15: =IF(Y15="","",1+COUNTIF($Y$6:$Y$45,">"&Y15)+COUNTIFS($Y$6:$Y$45,Y15,$AB$6:$AB$45,">"&AB15))
A16: 11 | G16: =IF(COUNT(E16:F16)=0,"",AVERAGE(E16:F16)) | H16: =IF(G16="","",SUMPRODUCT(--(G16>=المساطر!$B$34:$B$43))) | K16: =IF(COUNT(I16:J16)=0,"",AVERAGE(I16:J16)) | L16: =IF(K16="","",SUMPRODUCT(--(K16>=المساطر!$C$34:$C$43))) | O16: =IF(COUNT(M16:N16)=0,"",AVERAGE(M16:N16)) | P16: =IF(O16="","",SUMPRODUCT(--(O16>=المساطر!$D$34:$D$43))) | S16: =IF(COUNT(Q16:R16)=0,"",MIN(Q16:R16)) | T16: =IF(S16="","",SUMPRODUCT(--(S16<=المساطر!$E$34:$E$43))) | W16: =IF(COUNT(U16:V16)=0,"",MAX(U16:V16)) | X16: =IF(W16="","",SUMPRODUCT(--(W16>=المساطر!$F$34:$F$43))) | Y16: =IF(COUNT(H16,L16,P16,T16,X16)=5,SUM(H16,L16,P16,T16,X16),"") | Z16: =IF(Y16="","",Y16/5) | AA16: =IF(Z16="","",IF(ROUND(Z16,0)>=9,"ممتاز",IF(ROUND(Z16,0)>=7,"جيد جدا",IF(ROUND(Z16,0)>=5,"جيد",IF(ROUND(Z16,0)>=3,"مقبول","ضعيف"))))) | AB16: =IF(COUNT(G16,K16,O16)=3,SUM(G16,K16,O16),"") | AC16: =IF(Y16="","",1+COUNTIF($Y$6:$Y$45,">"&Y16)+COUNTIFS($Y$6:$Y$45,Y16,$AB$6:$AB$45,">"&AB16))
A17: 12 | G17: =IF(COUNT(E17:F17)=0,"",AVERAGE(E17:F17)) | H17: =IF(G17="","",SUMPRODUCT(--(G17>=المساطر!$B$34:$B$43))) | K17: =IF(COUNT(I17:J17)=0,"",AVERAGE(I17:J17)) | L17: =IF(K17="","",SUMPRODUCT(--(K17>=المساطر!$C$34:$C$43))) | O17: =IF(COUNT(M17:N17)=0,"",AVERAGE(M17:N17)) | P17: =IF(O17="","",SUMPRODUCT(--(O17>=المساطر!$D$34:$D$43))) | S17: =IF(COUNT(Q17:R17)=0,"",MIN(Q17:R17)) | T17: =IF(S17="","",SUMPRODUCT(--(S17<=المساطر!$E$34:$E$43))) | W17: =IF(COUNT(U17:V17)=0,"",MAX(U17:V17)) | X17: =IF(W17="","",SUMPRODUCT(--(W17>=المساطر!$F$34:$F$43))) | Y17: =IF(COUNT(H17,L17,P17,T17,X17)=5,SUM(H17,L17,P17,T17,X17),"") | Z17: =IF(Y17="","",Y17/5) | AA17: =IF(Z17="","",IF(ROUND(Z17,0)>=9,"ممتاز",IF(ROUND(Z17,0)>=7,"جيد جدا",IF(ROUND(Z17,0)>=5,"جيد",IF(ROUND(Z17,0)>=3,"مقبول","ضعيف"))))) | AB17: =IF(COUNT(G17,K17,O17)=3,SUM(G17,K17,O17),"") | AC17: =IF(Y17="","",1+COUNTIF($Y$6:$Y$45,">"&Y17)+COUNTIFS($Y$6:$Y$45,Y17,$AB$6:$AB$45,">"&AB17))
... A45: 40 | G45: =IF(COUNT(E45:F45)=0,"",AVERAGE(E45:F45)) | H45: =IF(G45="","",SUMPRODUCT(--(G45>=المساطر!$B$34:$B$43))) | K45: =IF(COUNT(I45:J45)=0,"",AVERAGE(I45:J45)) | L45: =IF(K45="","",SUMPRODUCT(--(K45>=المساطر!$C$34:$C$43))) | O45: =IF(COUNT(M45:N45)=0,"",AVERAGE(M45:N45)) | P45: =IF(O45="","",SUMPRODUCT(--(O45>=المساطر!$D$34:$D$43))) | S45: =IF(COUNT(Q45:R45)=0,"",MIN(Q45:R45)) | T45: =IF(S45="","",SUMPRODUCT(--(S45<=المساطر!$E$34:$E$43))) | W45: =IF(COUNT(U45:V45)=0,"",MAX(U45:V45)) | X45: =IF(W45="","",SUMPRODUCT(--(W45>=المساطر!$F$34:$F$43))) | Y45: =IF(COUNT(H45,L45,P45,T45,X45)=5,SUM(H45,L45,P45,T45,X45),"") | Z45: =IF(Y45="","",Y45/5) | AA45: =IF(Z45="","",IF(ROUND(Z45,0)>=9,"ممتاز",IF(ROUND(Z45,0)>=7,"جيد جدا",IF(ROUND(Z45,0)>=5,"جيد",IF(ROUND(Z45,0)>=3,"مقبول","ضعيف"))))) | AB45: =IF(COUNT(G45,K45,O45)=3,SUM(G45,K45,O45),"") | AC45: =IF(Y45="","",1+COUNTIF($Y$6:$Y$45,">"&Y45)+COUNTIFS($Y$6:$Y$45,Y45,$AB$6:$AB$45,">"&AB45))
A47: تعليمات: صف «مثال» لا يدخل في الترتيب. أدخل عدّات الحكمين أو المحاولات في الخلايا الصفراء فقط. الاختبارات الزمنية: سجّل الزمن النهائي بعد إضافة ثواني العقوبات، واترك المحاولة الفاشلة فارغة. التعادل في الترتيب يُحسم بمجموع العدّات ثم الأقل زمناً/الأكبر مسافة ثم الأصغر سناً (يدوياً).

Sheet اختبارات ابتدائي بنات
A1: سجل المسح الشامل واختبارات اللياقة البدنية - ابتدائي بنات
A2: المنطقة الأزهرية: .............. الإدارة التعليمية: .............. المعهد: .............. العام الدراسي: 2026/2027
A3: م | B3: الاسم | C3: تاريخ الميلاد | D3: الصف | E3: الجري في المكان (15ث) - عدد | I3: الجلوس من الرقود (30ث) - عدد | M3: الانبطاح المائل العالي - عدد | Q3: الجري الارتدادي - زمن (ث) | U3: الوثب داخل الدوائر المرقمة - زمن (ث) | Y3: إجمالي الدرجات | Z3: متوسط الدرجة (من 10) | AA3: التقدير | AB3: مجموع عدّات (الجري+الجلوس+الانبطاح) | AC3: الترتيب
E4: حكم 1 | F4: حكم 2 | G4: المتوسط | H4: الدرجة | I4: حكم 1 | J4: حكم 2 | K4: المتوسط | L4: الدرجة | M4: حكم 1 | N4: حكم 2 | O4: المتوسط | P4: الدرجة | Q4: محاولة 1 | R4: محاولة 2 | S4: الأفضل | T4: الدرجة | U4: محاولة 1 | V4: محاولة 2 | W4: الأفضل | X4: الدرجة
A5: مثال | B5: طالب (مثال) | C5: 2015-03-10 | D5: الثاني | E5: 20 | F5: 21 | G5: =IF(COUNT(E5:F5)=0,"",AVERAGE(E5:F5)) -> 20.5 | H5: =IF(G5="","",SUMPRODUCT(--(G5>=المساطر!$B$48:$B$57))) -> 5 | I5: 18 | J5: 18 | K5: =IF(COUNT(I5:J5)=0,"",AVERAGE(I5:J5)) -> 18 | L5: =IF(K5="","",SUMPRODUCT(--(K5>=المساطر!$C$48:$C$57))) -> 5 | M5: 26 | N5: 27 | O5: =IF(COUNT(M5:N5)=0,"",AVERAGE(M5:N5)) -> 26.5 | P5: =IF(O5="","",SUMPRODUCT(--(O5>=المساطر!$D$48:$D$57))) -> 4 | Q5: 12.8 | R5: 12.4 | S5: =IF(COUNT(Q5:R5)=0,"",MIN(Q5:R5)) -> 12.4 | T5: =IF(S5="","",SUMPRODUCT(--(S5<=المساطر!$E$48:$E$57))) -> 6 | U5: 7.5 | V5: 7.2 | W5: =IF(COUNT(U5:V5)=0,"",MIN(U5:V5)) -> 7.2 | X5: =IF(W5="","",SUMPRODUCT(--(W5<=المساطر!$F$48:$F$57))) -> 5 | Y5: =IF(COUNT(H5,L5,P5,T5,X5)=5,SUM(H5,L5,P5,T5,X5),"") -> 25 | Z5: =IF(Y5="","",Y5/5) -> 5 | AA5: =IF(Z5="","",IF(ROUND(Z5,0)>=9,"ممتاز",IF(ROUND(Z5,0)>=7,"جيد جدا",IF(ROUND(Z5,0)>=5,"جيد",IF(ROUND(Z5,0)>=3,"مقبول","ضعيف"))))) -> جيد | AB5: =IF(COUNT(G5,K5,O5)=3,SUM(G5,K5,O5),"") -> 65 | AC5: =IF(Y5="","",1+COUNTIF($Y$6:$Y$45,">"&Y5)+COUNTIFS($Y$6:$Y$45,Y5,$AB$6:$AB$45,">"&AB5)) -> 1
A6: 1 | G6: =IF(COUNT(E6:F6)=0,"",AVERAGE(E6:F6)) | H6: =IF(G6="","",SUMPRODUCT(--(G6>=المساطر!$B$48:$B$57))) | K6: =IF(COUNT(I6:J6)=0,"",AVERAGE(I6:J6)) | L6: =IF(K6="","",SUMPRODUCT(--(K6>=المساطر!$C$48:$C$57))) | O6: =IF(COUNT(M6:N6)=0,"",AVERAGE(M6:N6)) | P6: =IF(O6="","",SUMPRODUCT(--(O6>=المساطر!$D$48:$D$57))) | Q6: 12.99 | S6: =IF(COUNT(Q6:R6)=0,"",MIN(Q6:R6)) -> 12.99 | T6: =IF(S6="","",SUMPRODUCT(--(S6<=المساطر!$E$48:$E$57))) -> 5 | W6: =IF(COUNT(U6:V6)=0,"",MIN(U6:V6)) | X6: =IF(W6="","",SUMPRODUCT(--(W6<=المساطر!$F$48:$F$57))) | Y6: =IF(COUNT(H6,L6,P6,T6,X6)=5,SUM(H6,L6,P6,T6,X6),"") | Z6: =IF(Y6="","",Y6/5) | AA6: =IF(Z6="","",IF(ROUND(Z6,0)>=9,"ممتاز",IF(ROUND(Z6,0)>=7,"جيد جدا",IF(ROUND(Z6,0)>=5,"جيد",IF(ROUND(Z6,0)>=3,"مقبول","ضعيف"))))) | AB6: =IF(COUNT(G6,K6,O6)=3,SUM(G6,K6,O6),"") | AC6: =IF(Y6="","",1+COUNTIF($Y$6:$Y$45,">"&Y6)+COUNTIFS($Y$6:$Y$45,Y6,$AB$6:$AB$45,">"&AB6))
A7: 2 | G7: =IF(COUNT(E7:F7)=0,"",AVERAGE(E7:F7)) | H7: =IF(G7="","",SUMPRODUCT(--(G7>=المساطر!$B$48:$B$57))) | K7: =IF(COUNT(I7:J7)=0,"",AVERAGE(I7:J7)) | L7: =IF(K7="","",SUMPRODUCT(--(K7>=المساطر!$C$48:$C$57))) | O7: =IF(COUNT(M7:N7)=0,"",AVERAGE(M7:N7)) | P7: =IF(O7="","",SUMPRODUCT(--(O7>=المساطر!$D$48:$D$57))) | S7: =IF(COUNT(Q7:R7)=0,"",MIN(Q7:R7)) | T7: =IF(S7="","",SUMPRODUCT(--(S7<=المساطر!$E$48:$E$57))) | W7: =IF(COUNT(U7:V7)=0,"",MIN(U7:V7)) | X7: =IF(W7="","",SUMPRODUCT(--(W7<=المساطر!$F$48:$F$57))) | Y7: =IF(COUNT(H7,L7,P7,T7,X7)=5,SUM(H7,L7,P7,T7,X7),"") | Z7: =IF(Y7="","",Y7/5) | AA7: =IF(Z7="","",IF(ROUND(Z7,0)>=9,"ممتاز",IF(ROUND(Z7,0)>=7,"جيد جدا",IF(ROUND(Z7,0)>=5,"جيد",IF(ROUND(Z7,0)>=3,"مقبول","ضعيف"))))) | AB7: =IF(COUNT(G7,K7,O7)=3,SUM(G7,K7,O7),"") | AC7: =IF(Y7="","",1+COUNTIF($Y$6:$Y$45,">"&Y7)+COUNTIFS($Y$6:$Y$45,Y7,$AB$6:$AB$45,">"&AB7))
A8: 3 | G8: =IF(COUNT(E8:F8)=0,"",AVERAGE(E8:F8)) | H8: =IF(G8="","",SUMPRODUCT(--(G8>=المساطر!$B$48:$B$57))) | K8: =IF(COUNT(I8:J8)=0,"",AVERAGE(I8:J8)) | L8: =IF(K8="","",SUMPRODUCT(--(K8>=المساطر!$C$48:$C$57))) | O8: =IF(COUNT(M8:N8)=0,"",AVERAGE(M8:N8)) | P8: =IF(O8="","",SUMPRODUCT(--(O8>=المساطر!$D$48:$D$57))) | S8: =IF(COUNT(Q8:R8)=0,"",MIN(Q8:R8)) | T8: =IF(S8="","",SUMPRODUCT(--(S8<=المساطر!$E$48:$E$57))) | W8: =IF(COUNT(U8:V8)=0,"",MIN(U8:V8)) | X8: =IF(W8="","",SUMPRODUCT(--(W8<=المساطر!$F$48:$F$57))) | Y8: =IF(COUNT(H8,L8,P8,T8,X8)=5,SUM(H8,L8,P8,T8,X8),"") | Z8: =IF(Y8="","",Y8/5) | AA8: =IF(Z8="","",IF(ROUND(Z8,0)>=9,"ممتاز",IF(ROUND(Z8,0)>=7,"جيد جدا",IF(ROUND(Z8,0)>=5,"جيد",IF(ROUND(Z8,0)>=3,"مقبول","ضعيف"))))) | AB8: =IF(COUNT(G8,K8,O8)=3,SUM(G8,K8,O8),"") | AC8: =IF(Y8="","",1+COUNTIF($Y$6:$Y$45,">"&Y8)+COUNTIFS($Y$6:$Y$45,Y8,$AB$6:$AB$45,">"&AB8))
A9: 4 | G9: =IF(COUNT(E9:F9)=0,"",AVERAGE(E9:F9)) | H9: =IF(G9="","",SUMPRODUCT(--(G9>=المساطر!$B$48:$B$57))) | K9: =IF(COUNT(I9:J9)=0,"",AVERAGE(I9:J9)) | L9: =IF(K9="","",SUMPRODUCT(--(K9>=المساطر!$C$48:$C$57))) | O9: =IF(COUNT(M9:N9)=0,"",AVERAGE(M9:N9)) | P9: =IF(O9="","",SUMPRODUCT(--(O9>=المساطر!$D$48:$D$57))) | S9: =IF(COUNT(Q9:R9)=0,"",MIN(Q9:R9)) | T9: =IF(S9="","",SUMPRODUCT(--(S9<=المساطر!$E$48:$E$57))) | W9: =IF(COUNT(U9:V9)=0,"",MIN(U9:V9)) | X9: =IF(W9="","",SUMPRODUCT(--(W9<=المساطر!$F$48:$F$57))) | Y9: =IF(COUNT(H9,L9,P9,T9,X9)=5,SUM(H9,L9,P9,T9,X9),"") | Z9: =IF(Y9="","",Y9/5) | AA9: =IF(Z9="","",IF(ROUND(Z9,0)>=9,"ممتاز",IF(ROUND(Z9,0)>=7,"جيد جدا",IF(ROUND(Z9,0)>=5,"جيد",IF(ROUND(Z9,0)>=3,"مقبول","ضعيف"))))) | AB9: =IF(COUNT(G9,K9,O9)=3,SUM(G9,K9,O9),"") | AC9: =IF(Y9="","",1+COUNTIF($Y$6:$Y$45,">"&Y9)+COUNTIFS($Y$6:$Y$45,Y9,$AB$6:$AB$45,">"&AB9))
A10: 5 | G10: =IF(COUNT(E10:F10)=0,"",AVERAGE(E10:F10)) | H10: =IF(G10="","",SUMPRODUCT(--(G10>=المساطر!$B$48:$B$57))) | K10: =IF(COUNT(I10:J10)=0,"",AVERAGE(I10:J10)) | L10: =IF(K10="","",SUMPRODUCT(--(K10>=المساطر!$C$48:$C$57))) | O10: =IF(COUNT(M10:N10)=0,"",AVERAGE(M10:N10)) | P10: =IF(O10="","",SUMPRODUCT(--(O10>=المساطر!$D$48:$D$57))) | S10: =IF(COUNT(Q10:R10)=0,"",MIN(Q10:R10)) | T10: =IF(S10="","",SUMPRODUCT(--(S10<=المساطر!$E$48:$E$57))) | W10: =IF(COUNT(U10:V10)=0,"",MIN(U10:V10)) | X10: =IF(W10="","",SUMPRODUCT(--(W10<=المساطر!$F$48:$F$57))) | Y10: =IF(COUNT(H10,L10,P10,T10,X10)=5,SUM(H10,L10,P10,T10,X10),"") | Z10: =IF(Y10="","",Y10/5) | AA10: =IF(Z10="","",IF(ROUND(Z10,0)>=9,"ممتاز",IF(ROUND(Z10,0)>=7,"جيد جدا",IF(ROUND(Z10,0)>=5,"جيد",IF(ROUND(Z10,0)>=3,"مقبول","ضعيف"))))) | AB10: =IF(COUNT(G10,K10,O10)=3,SUM(G10,K10,O10),"") | AC10: =IF(Y10="","",1+COUNTIF($Y$6:$Y$45,">"&Y10)+COUNTIFS($Y$6:$Y$45,Y10,$AB$6:$AB$45,">"&AB10))
A11: 6 | G11: =IF(COUNT(E11:F11)=0,"",AVERAGE(E11:F11)) | H11: =IF(G11="","",SUMPRODUCT(--(G11>=المساطر!$B$48:$B$57))) | K11: =IF(COUNT(I11:J11)=0,"",AVERAGE(I11:J11)) | L11: =IF(K11="","",SUMPRODUCT(--(K11>=المساطر!$C$48:$C$57))) | O11: =IF(COUNT(M11:N11)=0,"",AVERAGE(M11:N11)) | P11: =IF(O11="","",SUMPRODUCT(--(O11>=المساطر!$D$48:$D$57))) | S11: =IF(COUNT(Q11:R11)=0,"",MIN(Q11:R11)) | T11: =IF(S11="","",SUMPRODUCT(--(S11<=المساطر!$E$48:$E$57))) | W11: =IF(COUNT(U11:V11)=0,"",MIN(U11:V11)) | X11: =IF(W11="","",SUMPRODUCT(--(W11<=المساطر!$F$48:$F$57))) | Y11: =IF(COUNT(H11,L11,P11,T11,X11)=5,SUM(H11,L11,P11,T11,X11),"") | Z11: =IF(Y11="","",Y11/5) | AA11: =IF(Z11="","",IF(ROUND(Z11,0)>=9,"ممتاز",IF(ROUND(Z11,0)>=7,"جيد جدا",IF(ROUND(Z11,0)>=5,"جيد",IF(ROUND(Z11,0)>=3,"مقبول","ضعيف"))))) | AB11: =IF(COUNT(G11,K11,O11)=3,SUM(G11,K11,O11),"") | AC11: =IF(Y11="","",1+COUNTIF($Y$6:$Y$45,">"&Y11)+COUNTIFS($Y$6:$Y$45,Y11,$AB$6:$AB$45,">"&AB11))
A12: 7 | G12: =IF(COUNT(E12:F12)=0,"",AVERAGE(E12:F12)) | H12: =IF(G12="","",SUMPRODUCT(--(G12>=المساطر!$B$48:$B$57))) | K12: =IF(COUNT(I12:J12)=0,"",AVERAGE(I12:J12)) | L12: =IF(K12="","",SUMPRODUCT(--(K12>=المساطر!$C$48:$C$57))) | O12: =IF(COUNT(M12:N12)=0,"",AVERAGE(M12:N12)) | P12: =IF(O12="","",SUMPRODUCT(--(O12>=المساطر!$D$48:$D$57))) | S12: =IF(COUNT(Q12:R12)=0,"",MIN(Q12:R12)) | T12: =IF(S12="","",SUMPRODUCT(--(S12<=المساطر!$E$48:$E$57))) | W12: =IF(COUNT(U12:V12)=0,"",MIN(U12:V12)) | X12: =IF(W12="","",SUMPRODUCT(--(W12<=المساطر!$F$48:$F$57))) | Y12: =IF(COUNT(H12,L12,P12,T12,X12)=5,SUM(H12,L12,P12,T12,X12),"") | Z12: =IF(Y12="","",Y12/5) | AA12: =IF(Z12="","",IF(ROUND(Z12,0)>=9,"ممتاز",IF(ROUND(Z12,0)>=7,"جيد جدا",IF(ROUND(Z12,0)>=5,"جيد",IF(ROUND(Z12,0)>=3,"مقبول","ضعيف"))))) | AB12: =IF(COUNT(G12,K12,O12)=3,SUM(G12,K12,O12),"") | AC12: =IF(Y12="","",1+COUNTIF($Y$6:$Y$45,">"&Y12)+COUNTIFS($Y$6:$Y$45,Y12,$AB$6:$AB$45,">"&AB12))
A13: 8 | G13: =IF(COUNT(E13:F13)=0,"",AVERAGE(E13:F13)) | H13: =IF(G13="","",SUMPRODUCT(--(G13>=المساطر!$B$48:$B$57))) | K13: =IF(COUNT(I13:J13)=0,"",AVERAGE(I13:J13)) | L13: =IF(K13="","",SUMPRODUCT(--(K13>=المساطر!$C$48:$C$57))) | O13: =IF(COUNT(M13:N13)=0,"",AVERAGE(M13:N13)) | P13: =IF(O13="","",SUMPRODUCT(--(O13>=المساطر!$D$48:$D$57))) | S13: =IF(COUNT(Q13:R13)=0,"",MIN(Q13:R13)) | T13: =IF(S13="","",SUMPRODUCT(--(S13<=المساطر!$E$48:$E$57))) | W13: =IF(COUNT(U13:V13)=0,"",MIN(U13:V13)) | X13: =IF(W13="","",SUMPRODUCT(--(W13<=المساطر!$F$48:$F$57))) | Y13: =IF(COUNT(H13,L13,P13,T13,X13)=5,SUM(H13,L13,P13,T13,X13),"") | Z13: =IF(Y13="","",Y13/5) | AA13: =IF(Z13="","",IF(ROUND(Z13,0)>=9,"ممتاز",IF(ROUND(Z13,0)>=7,"جيد جدا",IF(ROUND(Z13,0)>=5,"جيد",IF(ROUND(Z13,0)>=3,"مقبول","ضعيف"))))) | AB13: =IF(COUNT(G13,K13,O13)=3,SUM(G13,K13,O13),"") | AC13: =IF(Y13="","",1+COUNTIF($Y$6:$Y$45,">"&Y13)+COUNTIFS($Y$6:$Y$45,Y13,$AB$6:$AB$45,">"&AB13))
A14: 9 | G14: =IF(COUNT(E14:F14)=0,"",AVERAGE(E14:F14)) | H14: =IF(G14="","",SUMPRODUCT(--(G14>=المساطر!$B$48:$B$57))) | K14: =IF(COUNT(I14:J14)=0,"",AVERAGE(I14:J14)) | L14: =IF(K14="","",SUMPRODUCT(--(K14>=المساطر!$C$48:$C$57))) | O14: =IF(COUNT(M14:N14)=0,"",AVERAGE(M14:N14)) | P14: =IF(O14="","",SUMPRODUCT(--(O14>=المساطر!$D$48:$D$57))) | S14: =IF(COUNT(Q14:R14)=0,"",MIN(Q14:R14)) | T14: =IF(S14="","",SUMPRODUCT(--(S14<=المساطر!$E$48:$E$57))) | W14: =IF(COUNT(U14:V14)=0,"",MIN(U14:V14)) | X14: =IF(W14="","",SUMPRODUCT(--(W14<=المساطر!$F$48:$F$57))) | Y14: =IF(COUNT(H14,L14,P14,T14,X14)=5,SUM(H14,L14,P14,T14,X14),"") | Z14: =IF(Y14="","",Y14/5) | AA14: =IF(Z14="","",IF(ROUND(Z14,0)>=9,"ممتاز",IF(ROUND(Z14,0)>=7,"جيد جدا",IF(ROUND(Z14,0)>=5,"جيد",IF(ROUND(Z14,0)>=3,"مقبول","ضعيف"))))) | AB14: =IF(COUNT(G14,K14,O14)=3,SUM(G14,K14,O14),"") | AC14: =IF(Y14="","",1+COUNTIF($Y$6:$Y$45,">"&Y14)+COUNTIFS($Y$6:$Y$45,Y14,$AB$6:$AB$45,">"&AB14))
A15: 10 | G15: =IF(COUNT(E15:F15)=0,"",AVERAGE(E15:F15)) | H15: =IF(G15="","",SUMPRODUCT(--(G15>=المساطر!$B$48:$B$57))) | K15: =IF(COUNT(I15:J15)=0,"",AVERAGE(I15:J15)) | L15: =IF(K15="","",SUMPRODUCT(--(K15>=المساطر!$C$48:$C$57))) | O15: =IF(COUNT(M15:N15)=0,"",AVERAGE(M15:N15)) | P15: =IF(O15="","",SUMPRODUCT(--(O15>=المساطر!$D$48:$D$57))) | S15: =IF(COUNT(Q15:R15)=0,"",MIN(Q15:R15)) | T15: =IF(S15="","",SUMPRODUCT(--(S15<=المساطر!$E$48:$E$57))) | W15: =IF(COUNT(U15:V15)=0,"",MIN(U15:V15)) | X15: =IF(W15="","",SUMPRODUCT(--(W15<=المساطر!$F$48:$F$57))) | Y15: =IF(COUNT(H15,L15,P15,T15,X15)=5,SUM(H15,L15,P15,T15,X15),"") | Z15: =IF(Y15="","",Y15/5) | AA15: =IF(Z15="","",IF(ROUND(Z15,0)>=9,"ممتاز",IF(ROUND(Z15,0)>=7,"جيد جدا",IF(ROUND(Z15,0)>=5,"جيد",IF(ROUND(Z15,0)>=3,"مقبول","ضعيف"))))) | AB15: =IF(COUNT(G15,K15,O15)=3,SUM(G15,K15,O15),"") | AC15: =IF(Y15="","",1+COUNTIF($Y$6:$Y$45,">"&Y15)+COUNTIFS($Y$6:$Y$45,Y15,$AB$6:$AB$45,">"&AB15))
A16: 11 | G16: =IF(COUNT(E16:F16)=0,"",AVERAGE(E16:F16)) | H16: =IF(G16="","",SUMPRODUCT(--(G16>=المساطر!$B$48:$B$57))) | K16: =IF(COUNT(I16:J16)=0,"",AVERAGE(I16:J16)) | L16: =IF(K16="","",SUMPRODUCT(--(K16>=المساطر!$C$48:$C$57))) | O16: =IF(COUNT(M16:N16)=0,"",AVERAGE(M16:N16)) | P16: =IF(O16="","",SUMPRODUCT(--(O16>=المساطر!$D$48:$D$57))) | S16: =IF(COUNT(Q16:R16)=0,"",MIN(Q16:R16)) | T16: =IF(S16="","",SUMPRODUCT(--(S16<=المساطر!$E$48:$E$57))) | W16: =IF(COUNT(U16:V16)=0,"",MIN(U16:V16)) | X16: =IF(W16="","",SUMPRODUCT(--(W16<=المساطر!$F$48:$F$57))) | Y16: =IF(COUNT(H16,L16,P16,T16,X16)=5,SUM(H16,L16,P16,T16,X16),"") | Z16: =IF(Y16="","",Y16/5) | AA16: =IF(Z16="","",IF(ROUND(Z16,0)>=9,"ممتاز",IF(ROUND(Z16,0)>=7,"جيد جدا",IF(ROUND(Z16,0)>=5,"جيد",IF(ROUND(Z16,0)>=3,"مقبول","ضعيف"))))) | AB16: =IF(COUNT(G16,K16,O16)=3,SUM(G16,K16,O16),"") | AC16: =IF(Y16="","",1+COUNTIF($Y$6:$Y$45,">"&Y16)+COUNTIFS($Y$6:$Y$45,Y16,$AB$6:$AB$45,">"&AB16))
A17: 12 | G17: =IF(COUNT(E17:F17)=0,"",AVERAGE(E17:F17)) | H17: =IF(G17="","",SUMPRODUCT(--(G17>=المساطر!$B$48:$B$57))) | K17: =IF(COUNT(I17:J17)=0,"",AVERAGE(I17:J17)) | L17: =IF(K17="","",SUMPRODUCT(--(K17>=المساطر!$C$48:$C$57))) | O17: =IF(COUNT(M17:N17)=0,"",AVERAGE(M17:N17)) | P17: =IF(O17="","",SUMPRODUCT(--(O17>=المساطر!$D$48:$D$57))) | S17: =IF(COUNT(Q17:R17)=0,"",MIN(Q17:R17)) | T17: =IF(S17="","",SUMPRODUCT(--(S17<=المساطر!$E$48:$E$57))) | W17: =IF(COUNT(U17:V17)=0,"",MIN(U17:V17)) | X17: =IF(W17="","",SUMPRODUCT(--(W17<=المساطر!$F$48:$F$57))) | Y17: =IF(COUNT(H17,L17,P17,T17,X17)=5,SUM(H17,L17,P17,T17,X17),"") | Z17: =IF(Y17="","",Y17/5) | AA17: =IF(Z17="","",IF(ROUND(Z17,0)>=9,"ممتاز",IF(ROUND(Z17,0)>=7,"جيد جدا",IF(ROUND(Z17,0)>=5,"جيد",IF(ROUND(Z17,0)>=3,"مقبول","ضعيف"))))) | AB17: =IF(COUNT(G17,K17,O17)=3,SUM(G17,K17,O17),"") | AC17: =IF(Y17="","",1+COUNTIF($Y$6:$Y$45,">"&Y17)+COUNTIFS($Y$6:$Y$45,Y17,$AB$6:$AB$45,">"&AB17))
A18: 13 | G18: =IF(COUNT(E18:F18)=0,"",AVERAGE(E18:F18)) | H18: =IF(G18="","",SUMPRODUCT(--(G18>=المساطر!$B$48:$B$57))) | K18: =IF(COUNT(I18:J18)=0,"",AVERAGE(I18:J18)) | L18: =IF(K18="","",SUMPRODUCT(--(K18>=المساطر!$C$48:$C$57))) | O18: =IF(COUNT(M18:N18)=0,"",AVERAGE(M18:N18)) | P18: =IF(O18="","",SUMPRODUCT(--(O18>=المساطر!$D$48:$D$57))) | S18: =IF(COUNT(Q18:R18)=0,"",MIN(Q18:R18)) | T18: =IF(S18="","",SUMPRODUCT(--(S18<=المساطر!$E$48:$E$57))) | W18: =IF(COUNT(U18:V18)=0,"",MIN(U18:V18)) | X18: =IF(W18="","",SUMPRODUCT(--(W18<=المساطر!$F$48:$F$57))) | Y18: =IF(COUNT(H18,L18,P18,T18,X18)=5,SUM(H18,L18,P18,T18,X18),"") | Z18: =IF(Y18="","",Y18/5) | AA18: =IF(Z18="","",IF(ROUND(Z18,0)>=9,"ممتاز",IF(ROUND(Z18,0)>=7,"جيد جدا",IF(ROUND(Z18,0)>=5,"جيد",IF(ROUND(Z18,0)>=3,"مقبول","ضعيف"))))) | AB18: =IF(COUNT(G18,K18,O18)=3,SUM(G18,K18,O18),"") | AC18: =IF(Y18="","",1+COUNTIF($Y$6:$Y$45,">"&Y18)+COUNTIFS($Y$6:$Y$45,Y18,$AB$6:$AB$45,">"&AB18))
... A45: 40 | G45: =IF(COUNT(E45:F45)=0,"",AVERAGE(E45:F45)) | H45: =IF(G45="","",SUMPRODUCT(--(G45>=المساطر!$B$48:$B$57))) | K45: =IF(COUNT(I45:J45)=0,"",AVERAGE(I45:J45)) | L45: =IF(K45="","",SUMPRODUCT(--(K45>=المساطر!$C$48:$C$57))) | O45: =IF(COUNT(M45:N45)=0,"",AVERAGE(M45:N45)) | P45: =IF(O45="","",SUMPRODUCT(--(O45>=المساطر!$D$48:$D$57))) | S45: =IF(COUNT(Q45:R45)=0,"",MIN(Q45:R45)) | T45: =IF(S45="","",SUMPRODUCT(--(S45<=المساطر!$E$48:$E$57))) | W45: =IF(COUNT(U45:V45)=0,"",MIN(U45:V45)) | X45: =IF(W45="","",SUMPRODUCT(--(W45<=المساطر!$F$48:$F$57))) | Y45: =IF(COUNT(H45,L45,P45,T45,X45)=5,SUM(H45,L45,P45,T45,X45),"") | Z45: =IF(Y45="","",Y45/5) | AA45: =IF(Z45="","",IF(ROUND(Z45,0)>=9,"ممتاز",IF(ROUND(Z45,0)>=7,"جيد جدا",IF(ROUND(Z45,0)>=5,"جيد",IF(ROUND(Z45,0)>=3,"مقبول","ضعيف"))))) | AB45: =IF(COUNT(G45,K45,O45)=3,SUM(G45,K45,O45),"") | AC45: =IF(Y45="","",1+COUNTIF($Y$6:$Y$45,">"&Y45)+COUNTIFS($Y$6:$Y$45,Y45,$AB$6:$AB$45,">"&AB45))
A47: تعليمات: صف «مثال» لا يدخل في الترتيب. أدخل عدّات الحكمين أو المحاولات في الخلايا الصفراء فقط. الاختبارات الزمنية: سجّل الزمن النهائي بعد إضافة ثواني العقوبات، واترك المحاولة الفاشلة فارغة. التعادل في الترتيب يُحسم بمجموع العدّات ثم الأقل زمناً/الأكبر مسافة ثم الأصغر سناً (يدوياً).

Sheet اختبارات إعدادي بنات
A1: سجل المسح الشامل واختبارات اللياقة البدنية - إعدادي بنات
A2: المنطقة الأزهرية: .............. الإدارة التعليمية: .............. المعهد: .............. العام الدراسي: 2026/2027
A3: م | B3: الاسم | C3: تاريخ الميلاد | D3: الصف | E3: الجري في المكان (15ث) - عدد | I3: الجلوس من الرقود (30ث) - عدد | M3: الانبطاح المائل العالي - عدد | Q3: الوثب العريض من الثبات - سم | V3: الجري الزجزاجي (30م) - زمن (ث) | Z3: إجمالي الدرجات | AA3: متوسط الدرجة (من 10) | AB3: التقدير | AC3: مجموع عدّات (الجري+الجلوس+الانبطاح) | AD3: الترتيب
E4: حكم 1 | F4: حكم 2 | G4: المتوسط | H4: الدرجة | I4: حكم 1 | J4: حكم 2 | K4: المتوسط | L4: الدرجة | M4: حكم 1 | N4: حكم 2 | O4: المتوسط | P4: الدرجة | Q4: محاولة 1 | R4: محاولة 2 | S4: محاولة 3 | T4: الأفضل | U4: الدرجة | V4: محاولة 1 | W4: محاولة 2 | X4: الأفضل | Y4: الدرجة
A5: مثال | B5: طالب (مثال) | C5: 2015-03-10 | D5: الثاني | E5: 22 | F5: 22 | G5: =IF(COUNT(E5:F5)=0,"",AVERAGE(E5:F5)) -> 22 | H5: =IF(G5="","",SUMPRODUCT(--(G5>=المساطر!$B$62:$B$71))) -> 6 | I5: 20 | J5: 21 | K5: =IF(COUNT(I5:J5)=0,"",AVERAGE(I5:J5)) -> 20.5 | L5: =IF(K5="","",SUMPRODUCT(--(K5>=المساطر!$C$62:$C$71))) -> 5 | M5: 30 | N5: 31 | O5: =IF(COUNT(M5:N5)=0,"",AVERAGE(M5:N5)) -> 30.5 | P5: =IF(O5="","",SUMPRODUCT(--(O5>=المساطر!$D$62:$D$71))) -> 5 | Q5: 150 | R5: 155 | S5: 148 | T5: =IF(COUNT(Q5:S5)=0,"",MAX(Q5:S5)) -> 155 | U5: =IF(T5="","",SUMPRODUCT(--(T5>=المساطر!$E$62:$E$71))) -> 6 | V5: 13.2 | W5: 13 | X5: =IF(COUNT(V5:W5)=0,"",MIN(V5:W5)) -> 13 | Y5: =IF(X5="","",SUMPRODUCT(--(X5<=المساطر!$F$62:$F$71))) -> 5 | Z5: =IF(COUNT(H5,L5,P5,U5,Y5)=5,SUM(H5,L5,P5,U5,Y5),"") -> 27 | AA5: =IF(Z5="","",Z5/5) -> 5.4 | AB5: =IF(AA5="","",IF(ROUND(AA5,0)>=9,"ممتاز",IF(ROUND(AA5,0)>=7,"جيد جدا",IF(ROUND(AA5,0)>=5,"جيد",IF(ROUND(AA5,0)>=3,"مقبول","ضعيف"))))) -> جيد | AC5: =IF(COUNT(G5,K5,O5)=3,SUM(G5,K5,O5),"") -> 73 | AD5: =IF(Z5="","",1+COUNTIF($Z$6:$Z$45,">"&Z5)+COUNTIFS($Z$6:$Z$45,Z5,$AC$6:$AC$45,">"&AC5)) -> 1
A6: 1 | G6: =IF(COUNT(E6:F6)=0,"",AVERAGE(E6:F6)) | H6: =IF(G6="","",SUMPRODUCT(--(G6>=المساطر!$B$62:$B$71))) | K6: =IF(COUNT(I6:J6)=0,"",AVERAGE(I6:J6)) | L6: =IF(K6="","",SUMPRODUCT(--(K6>=المساطر!$C$62:$C$71))) | O6: =IF(COUNT(M6:N6)=0,"",AVERAGE(M6:N6)) | P6: =IF(O6="","",SUMPRODUCT(--(O6>=المساطر!$D$62:$D$71))) | T6: =IF(COUNT(Q6:S6)=0,"",MAX(Q6:S6)) | U6: =IF(T6="","",SUMPRODUCT(--(T6>=المساطر!$E$62:$E$71))) | X6: =IF(COUNT(V6:W6)=0,"",MIN(V6:W6)) | Y6: =IF(X6="","",SUMPRODUCT(--(X6<=المساطر!$F$62:$F$71))) | Z6: =IF(COUNT(H6,L6,P6,U6,Y6)=5,SUM(H6,L6,P6,U6,Y6),"") | AA6: =IF(Z6="","",Z6/5) | AB6: =IF(AA6="","",IF(ROUND(AA6,0)>=9,"ممتاز",IF(ROUND(AA6,0)>=7,"جيد جدا",IF(ROUND(AA6,0)>=5,"جيد",IF(ROUND(AA6,0)>=3,"مقبول","ضعيف"))))) | AC6: =IF(COUNT(G6,K6,O6)=3,SUM(G6,K6,O6),"") | AD6: =IF(Z6="","",1+COUNTIF($Z$6:$Z$45,">"&Z6)+COUNTIFS($Z$6:$Z$45,Z6,$AC$6:$AC$45,">"&AC6))
A7: 2 | G7: =IF(COUNT(E7:F7)=0,"",AVERAGE(E7:F7)) | H7: =IF(G7="","",SUMPRODUCT(--(G7>=المساطر!$B$62:$B$71))) | K7: =IF(COUNT(I7:J7)=0,"",AVERAGE(I7:J7)) | L7: =IF(K7="","",SUMPRODUCT(--(K7>=المساطر!$C$62:$C$71))) | O7: =IF(COUNT(M7:N7)=0,"",AVERAGE(M7:N7)) | P7: =IF(O7="","",SUMPRODUCT(--(O7>=المساطر!$D$62:$D$71))) | T7: =IF(COUNT(Q7:S7)=0,"",MAX(Q7:S7)) | U7: =IF(T7="","",SUMPRODUCT(--(T7>=المساطر!$E$62:$E$71))) | X7: =IF(COUNT(V7:W7)=0,"",MIN(V7:W7)) | Y7: =IF(X7="","",SUMPRODUCT(--(X7<=المساطر!$F$62:$F$71))) | Z7: =IF(COUNT(H7,L7,P7,U7,Y7)=5,SUM(H7,L7,P7,U7,Y7),"") | AA7: =IF(Z7="","",Z7/5) | AB7: =IF(AA7="","",IF(ROUND(AA7,0)>=9,"ممتاز",IF(ROUND(AA7,0)>=7,"جيد جدا",IF(ROUND(AA7,0)>=5,"جيد",IF(ROUND(AA7,0)>=3,"مقبول","ضعيف"))))) | AC7: =IF(COUNT(G7,K7,O7)=3,SUM(G7,K7,O7),"") | AD7: =IF(Z7="","",1+COUNTIF($Z$6:$Z$45,">"&Z7)+COUNTIFS($Z$6:$Z$45,Z7,$AC$6:$AC$45,">"&AC7))
A8: 3 | G8: =IF(COUNT(E8:F8)=0,"",AVERAGE(E8:F8)) | H8: =IF(G8="","",SUMPRODUCT(--(G8>=المساطر!$B$62:$B$71))) | K8: =IF(COUNT(I8:J8)=0,"",AVERAGE(I8:J8)) | L8: =IF(K8="","",SUMPRODUCT(--(K8>=المساطر!$C$62:$C$71))) | O8: =IF(COUNT(M8:N8)=0,"",AVERAGE(M8:N8)) | P8: =IF(O8="","",SUMPRODUCT(--(O8>=المساطر!$D$62:$D$71))) | T8: =IF(COUNT(Q8:S8)=0,"",MAX(Q8:S8)) | U8: =IF(T8="","",SUMPRODUCT(--(T8>=المساطر!$E$62:$E$71))) | X8: =IF(COUNT(V8:W8)=0,"",MIN(V8:W8)) | Y8: =IF(X8="","",SUMPRODUCT(--(X8<=المساطر!$F$62:$F$71))) | Z8: =IF(COUNT(H8,L8,P8,U8,Y8)=5,SUM(H8,L8,P8,U8,Y8),"") | AA8: =IF(Z8="","",Z8/5) | AB8: =IF(AA8="","",IF(ROUND(AA8,0)>=9,"ممتاز",IF(ROUND(AA8,0)>=7,"جيد جدا",IF(ROUND(AA8,0)>=5,"جيد",IF(ROUND(AA8,0)>=3,"مقبول","ضعيف"))))) | AC8: =IF(COUNT(G8,K8,O8)=3,SUM(G8,K8,O8),"") | AD8: =IF(Z8="","",1+COUNTIF($Z$6:$Z$45,">"&Z8)+COUNTIFS($Z$6:$Z$45,Z8,$AC$6:$AC$45,">"&AC8))
A9: 4 | G9: =IF(COUNT(E9:F9)=0,"",AVERAGE(E9:F9)) | H9: =IF(G9="","",SUMPRODUCT(--(G9>=المساطر!$B$62:$B$71))) | K9: =IF(COUNT(I9:J9)=0,"",AVERAGE(I9:J9)) | L9: =IF(K9="","",SUMPRODUCT(--(K9>=المساطر!$C$62:$C$71))) | O9: =IF(COUNT(M9:N9)=0,"",AVERAGE(M9:N9)) | P9: =IF(O9="","",SUMPRODUCT(--(O9>=المساطر!$D$62:$D$71))) | T9: =IF(COUNT(Q9:S9)=0,"",MAX(Q9:S9)) | U9: =IF(T9="","",SUMPRODUCT(--(T9>=المساطر!$E$62:$E$71))) | X9: =IF(COUNT(V9:W9)=0,"",MIN(V9:W9)) | Y9: =IF(X9="","",SUMPRODUCT(--(X9<=المساطر!$F$62:$F$71))) | Z9: =IF(COUNT(H9,L9,P9,U9,Y9)=5,SUM(H9,L9,P9,U9,Y9),"") | AA9: =IF(Z9="","",Z9/5) | AB9: =IF(AA9="","",IF(ROUND(AA9,0)>=9,"ممتاز",IF(ROUND(AA9,0)>=7,"جيد جدا",IF(ROUND(AA9,0)>=5,"جيد",IF(ROUND(AA9,0)>=3,"مقبول","ضعيف"))))) | AC9: =IF(COUNT(G9,K9,O9)=3,SUM(G9,K9,O9),"") | AD9: =IF(Z9="","",1+COUNTIF($Z$6:$Z$45,">"&Z9)+COUNTIFS($Z$6:$Z$45,Z9,$AC$6:$AC$45,">"&AC9))
A10: 5 | G10: =IF(COUNT(E10:F10)=0,"",AVERAGE(E10:F10)) | H10: =IF(G10="","",SUMPRODUCT(--(G10>=المساطر!$B$62:$B$71))) | K10: =IF(COUNT(I10:J10)=0,"",AVERAGE(I10:J10)) | L10: =IF(K10="","",SUMPRODUCT(--(K10>=المساطر!$C$62:$C$71))) | O10: =IF(COUNT(M10:N10)=0,"",AVERAGE(M10:N10)) | P10: =IF(O10="","",SUMPRODUCT(--(O10>=المساطر!$D$62:$D$71))) | T10: =IF(COUNT(Q10:S10)=0,"",MAX(Q10:S10)) | U10: =IF(T10="","",SUMPRODUCT(--(T10>=المساطر!$E$62:$E$71))) | X10: =IF(COUNT(V10:W10)=0,"",MIN(V10:W10)) | Y10: =IF(X10="","",SUMPRODUCT(--(X10<=المساطر!$F$62:$F$71))) | Z10: =IF(COUNT(H10,L10,P10,U10,Y10)=5,SUM(H10,L10,P10,U10,Y10),"") | AA10: =IF(Z10="","",Z10/5) | AB10: =IF(AA10="","",IF(ROUND(AA10,0)>=9,"ممتاز",IF(ROUND(AA10,0)>=7,"جيد جدا",IF(ROUND(AA10,0)>=5,"جيد",IF(ROUND(AA10,0)>=3,"مقبول","ضعيف"))))) | AC10: =IF(COUNT(G10,K10,O10)=3,SUM(G10,K10,O10),"") | AD10: =IF(Z10="","",1+COUNTIF($Z$6:$Z$45,">"&Z10)+COUNTIFS($Z$6:$Z$45,Z10,$AC$6:$AC$45,">"&AC10))
A11: 6 | G11: =IF(COUNT(E11:F11)=0,"",AVERAGE(E11:F11)) | H11: =IF(G11="","",SUMPRODUCT(--(G11>=المساطر!$B$62:$B$71))) | K11: =IF(COUNT(I11:J11)=0,"",AVERAGE(I11:J11)) | L11: =IF(K11="","",SUMPRODUCT(--(K11>=المساطر!$C$62:$C$71))) | O11: =IF(COUNT(M11:N11)=0,"",AVERAGE(M11:N11)) | P11: =IF(O11="","",SUMPRODUCT(--(O11>=المساطر!$D$62:$D$71))) | T11: =IF(COUNT(Q11:S11)=0,"",MAX(Q11:S11)) | U11: =IF(T11="","",SUMPRODUCT(--(T11>=المساطر!$E$62:$E$71))) | X11: =IF(COUNT(V11:W11)=0,"",MIN(V11:W11)) | Y11: =IF(X11="","",SUMPRODUCT(--(X11<=المساطر!$F$62:$F$71))) | Z11: =IF(COUNT(H11,L11,P11,U11,Y11)=5,SUM(H11,L11,P11,U11,Y11),"") | AA11: =IF(Z11="","",Z11/5) | AB11: =IF(AA11="","",IF(ROUND(AA11,0)>=9,"ممتاز",IF(ROUND(AA11,0)>=7,"جيد جدا",IF(ROUND(AA11,0)>=5,"جيد",IF(ROUND(AA11,0)>=3,"مقبول","ضعيف"))))) | AC11: =IF(COUNT(G11,K11,O11)=3,SUM(G11,K11,O11),"") | AD11: =IF(Z11="","",1+COUNTIF($Z$6:$Z$45,">"&Z11)+COUNTIFS($Z$6:$Z$45,Z11,$AC$6:$AC$45,">"&AC11))
A12: 7 | G12: =IF(COUNT(E12:F12)=0,"",AVERAGE(E12:F12)) | H12: =IF(G12="","",SUMPRODUCT(--(G12>=المساطر!$B$62:$B$71))) | K12: =IF(COUNT(I12:J12)=0,"",AVERAGE(I12:J12)) | L12: =IF(K12="","",SUMPRODUCT(--(K12>=المساطر!$C$62:$C$71))) | O12: =IF(COUNT(M12:N12)=0,"",AVERAGE(M12:N12)) | P12: =IF(O12="","",SUMPRODUCT(--(O12>=المساطر!$D$62:$D$71))) | T12: =IF(COUNT(Q12:S12)=0,"",MAX(Q12:S12)) | U12: =IF(T12="","",SUMPRODUCT(--(T12>=المساطر!$E$62:$E$71))) | X12: =IF(COUNT(V12:W12)=0,"",MIN(V12:W12)) | Y12: =IF(X12="","",SUMPRODUCT(--(X12<=المساطر!$F$62:$F$71))) | Z12: =IF(COUNT(H12,L12,P12,U12,Y12)=5,SUM(H12,L12,P12,U12,Y12),"") | AA12: =IF(Z12="","",Z12/5) | AB12: =IF(AA12="","",IF(ROUND(AA12,0)>=9,"ممتاز",IF(ROUND(AA12,0)>=7,"جيد جدا",IF(ROUND(AA12,0)>=5,"جيد",IF(ROUND(AA12,0)>=3,"مقبول","ضعيف"))))) | AC12: =IF(COUNT(G12,K12,O12)=3,SUM(G12,K12,O12),"") | AD12: =IF(Z12="","",1+COUNTIF($Z$6:$Z$45,">"&Z12)+COUNTIFS($Z$6:$Z$45,Z12,$AC$6:$AC$45,">"&AC12))
A13: 8 | G13: =IF(COUNT(E13:F13)=0,"",AVERAGE(E13:F13)) | H13: =IF(G13="","",SUMPRODUCT(--(G13>=المساطر!$B$62:$B$71))) | K13: =IF(COUNT(I13:J13)=0,"",AVERAGE(I13:J13)) | L13: =IF(K13="","",SUMPRODUCT(--(K13>=المساطر!$C$62:$C$71))) | O13: =IF(COUNT(M13:N13)=0,"",AVERAGE(M13:N13)) | P13: =IF(O13="","",SUMPRODUCT(--(O13>=المساطر!$D$62:$D$71))) | T13: =IF(COUNT(Q13:S13)=0,"",MAX(Q13:S13)) | U13: =IF(T13="","",SUMPRODUCT(--(T13>=المساطر!$E$62:$E$71))) | X13: =IF(COUNT(V13:W13)=0,"",MIN(V13:W13)) | Y13: =IF(X13="","",SUMPRODUCT(--(X13<=المساطر!$F$62:$F$71))) | Z13: =IF(COUNT(H13,L13,P13,U13,Y13)=5,SUM(H13,L13,P13,U13,Y13),"") | AA13: =IF(Z13="","",Z13/5) | AB13: =IF(AA13="","",IF(ROUND(AA13,0)>=9,"ممتاز",IF(ROUND(AA13,0)>=7,"جيد جدا",IF(ROUND(AA13,0)>=5,"جيد",IF(ROUND(AA13,0)>=3,"مقبول","ضعيف"))))) | AC13: =IF(COUNT(G13,K13,O13)=3,SUM(G13,K13,O13),"") | AD13: =IF(Z13="","",1+COUNTIF($Z$6:$Z$45,">"&Z13)+COUNTIFS($Z$6:$Z$45,Z13,$AC$6:$AC$45,">"&AC13))
A14: 9 | G14: =IF(COUNT(E14:F14)=0,"",AVERAGE(E14:F14)) | H14: =IF(G14="","",SUMPRODUCT(--(G14>=المساطر!$B$62:$B$71))) | K14: =IF(COUNT(I14:J14)=0,"",AVERAGE(I14:J14)) | L14: =IF(K14="","",SUMPRODUCT(--(K14>=المساطر!$C$62:$C$71))) | O14: =IF(COUNT(M14:N14)=0,"",AVERAGE(M14:N14)) | P14: =IF(O14="","",SUMPRODUCT(--(O14>=المساطر!$D$62:$D$71))) | T14: =IF(COUNT(Q14:S14)=0,"",MAX(Q14:S14)) | U14: =IF(T14="","",SUMPRODUCT(--(T14>=المساطر!$E$62:$E$71))) | X14: =IF(COUNT(V14:W14)=0,"",MIN(V14:W14)) | Y14: =IF(X14="","",SUMPRODUCT(--(X14<=المساطر!$F$62:$F$71))) | Z14: =IF(COUNT(H14,L14,P14,U14,Y14)=5,SUM(H14,L14,P14,U14,Y14),"") | AA14: =IF(Z14="","",Z14/5) | AB14: =IF(AA14="","",IF(ROUND(AA14,0)>=9,"ممتاز",IF(ROUND(AA14,0)>=7,"جيد جدا",IF(ROUND(AA14,0)>=5,"جيد",IF(ROUND(AA14,0)>=3,"مقبول","ضعيف"))))) | AC14: =IF(COUNT(G14,K14,O14)=3,SUM(G14,K14,O14),"") | AD14: =IF(Z14="","",1+COUNTIF($Z$6:$Z$45,">"&Z14)+COUNTIFS($Z$6:$Z$45,Z14,$AC$6:$AC$45,">"&AC14))
A15: 10 | G15: =IF(COUNT(E15:F15)=0,"",AVERAGE(E15:F15)) | H15: =IF(G15="","",SUMPRODUCT(--(G15>=المساطر!$B$62:$B$71))) | K15: =IF(COUNT(I15:J15)=0,"",AVERAGE(I15:J15)) | L15: =IF(K15="","",SUMPRODUCT(--(K15>=المساطر!$C$62:$C$71))) | O15: =IF(COUNT(M15:N15)=0,"",AVERAGE(M15:N15)) | P15: =IF(O15="","",SUMPRODUCT(--(O15>=المساطر!$D$62:$D$71))) | T15: =IF(COUNT(Q15:S15)=0,"",MAX(Q15:S15)) | U15: =IF(T15="","",SUMPRODUCT(--(T15>=المساطر!$E$62:$E$71))) | X15: =IF(COUNT(V15:W15)=0,"",MIN(V15:W15)) | Y15: =IF(X15="","",SUMPRODUCT(--(X15<=المساطر!$F$62:$F$71))) | Z15: =IF(COUNT(H15,L15,P15,U15,Y15)=5,SUM(H15,L15,P15,U15,Y15),"") | AA15: =IF(Z15="","",Z15/5) | AB15: =IF(AA15="","",IF(ROUND(AA15,0)>=9,"ممتاز",IF(ROUND(AA15,0)>=7,"جيد جدا",IF(ROUND(AA15,0)>=5,"جيد",IF(ROUND(AA15,0)>=3,"مقبول","ضعيف"))))) | AC15: =IF(COUNT(G15,K15,O15)=3,SUM(G15,K15,O15),"") | AD15: =IF(Z15="","",1+COUNTIF($Z$6:$Z$45,">"&Z15)+COUNTIFS($Z$6:$Z$45,Z15,$AC$6:$AC$45,">"&AC15))
A16: 11 | G16: =IF(COUNT(E16:F16)=0,"",AVERAGE(E16:F16)) | H16: =IF(G16="","",SUMPRODUCT(--(G16>=المساطر!$B$62:$B$71))) | K16: =IF(COUNT(I16:J16)=0,"",AVERAGE(I16:J16)) | L16: =IF(K16="","",SUMPRODUCT(--(K16>=المساطر!$C$62:$C$71))) | O16: =IF(COUNT(M16:N16)=0,"",AVERAGE(M16:N16)) | P16: =IF(O16="","",SUMPRODUCT(--(O16>=المساطر!$D$62:$D$71))) | T16: =IF(COUNT(Q16:S16)=0,"",MAX(Q16:S16)) | U16: =IF(T16="","",SUMPRODUCT(--(T16>=المساطر!$E$62:$E$71))) | X16: =IF(COUNT(V16:W16)=0,"",MIN(V16:W16)) | Y16: =IF(X16="","",SUMPRODUCT(--(X16<=المساطر!$F$62:$F$71))) | Z16: =IF(COUNT(H16,L16,P16,U16,Y16)=5,SUM(H16,L16,P16,U16,Y16),"") | AA16: =IF(Z16="","",Z16/5) | AB16: =IF(AA16="","",IF(ROUND(AA16,0)>=9,"ممتاز",IF(ROUND(AA16,0)>=7,"جيد جدا",IF(ROUND(AA16,0)>=5,"جيد",IF(ROUND(AA16,0)>=3,"مقبول","ضعيف"))))) | AC16: =IF(COUNT(G16,K16,O16)=3,SUM(G16,K16,O16),"") | AD16: =IF(Z16="","",1+COUNTIF($Z$6:$Z$45,">"&Z16)+COUNTIFS($Z$6:$Z$45,Z16,$AC$6:$AC$45,">"&AC16))
A17: 12 | G17: =IF(COUNT(E17:F17)=0,"",AVERAGE(E17:F17)) | H17: =IF(G17="","",SUMPRODUCT(--(G17>=المساطر!$B$62:$B$71))) | K17: =IF(COUNT(I17:J17)=0,"",AVERAGE(I17:J17)) | L17: =IF(K17="","",SUMPRODUCT(--(K17>=المساطر!$C$62:$C$71))) | O17: =IF(COUNT(M17:N17)=0,"",AVERAGE(M17:N17)) | P17: =IF(O17="","",SUMPRODUCT(--(O17>=المساطر!$D$62:$D$71))) | T17: =IF(COUNT(Q17:S17)=0,"",MAX(Q17:S17)) | U17: =IF(T17="","",SUMPRODUCT(--(T17>=المساطر!$E$62:$E$71))) | X17: =IF(COUNT(V17:W17)=0,"",MIN(V17:W17)) | Y17: =IF(X17="","",SUMPRODUCT(--(X17<=المساطر!$F$62:$F$71))) | Z17: =IF(COUNT(H17,L17,P17,U17,Y17)=5,SUM(H17,L17,P17,U17,Y17),"") | AA17: =IF(Z17="","",Z17/5) | AB17: =IF(AA17="","",IF(ROUND(AA17,0)>=9,"ممتاز",IF(ROUND(AA17,0)>=7,"جيد جدا",IF(ROUND(AA17,0)>=5,"جيد",IF(ROUND(AA17,0)>=3,"مقبول","ضعيف"))))) | AC17: =IF(COUNT(G17,K17,O17)=3,SUM(G17,K17,O17),"") | AD17: =IF(Z17="","",1+COUNTIF($Z$6:$Z$45,">"&Z17)+COUNTIFS($Z$6:$Z$45,Z17,$AC$6:$AC$45,">"&AC17))
... A45: 40 | G45: =IF(COUNT(E45:F45)=0,"",AVERAGE(E45:F45)) | H45: =IF(G45="","",SUMPRODUCT(--(G45>=المساطر!$B$62:$B$71))) | K45: =IF(COUNT(I45:J45)=0,"",AVERAGE(I45:J45)) | L45: =IF(K45="","",SUMPRODUCT(--(K45>=المساطر!$C$62:$C$71))) | O45: =IF(COUNT(M45:N45)=0,"",AVERAGE(M45:N45)) | P45: =IF(O45="","",SUMPRODUCT(--(O45>=المساطر!$D$62:$D$71))) | T45: =IF(COUNT(Q45:S45)=0,"",MAX(Q45:S45)) | U45: =IF(T45="","",SUMPRODUCT(--(T45>=المساطر!$E$62:$E$71))) | X45: =IF(COUNT(V45:W45)=0,"",MIN(V45:W45)) | Y45: =IF(X45="","",SUMPRODUCT(--(X45<=المساطر!$F$62:$F$71))) | Z45: =IF(COUNT(H45,L45,P45,U45,Y45)=5,SUM(H45,L45,P45,U45,Y45),"") | AA45: =IF(Z45="","",Z45/5) | AB45: =IF(AA45="","",IF(ROUND(AA45,0)>=9,"ممتاز",IF(ROUND(AA45,0)>=7,"جيد جدا",IF(ROUND(AA45,0)>=5,"جيد",IF(ROUND(AA45,0)>=3,"مقبول","ضعيف"))))) | AC45: =IF(COUNT(G45,K45,O45)=3,SUM(G45,K45,O45),"") | AD45: =IF(Z45="","",1+COUNTIF($Z$6:$Z$45,">"&Z45)+COUNTIFS($Z$6:$Z$45,Z45,$AC$6:$AC$45,">"&AC45))
A47: تعليمات: صف «مثال» لا يدخل في الترتيب. أدخل عدّات الحكمين أو المحاولات في الخلايا الصفراء فقط. الاختبارات الزمنية: سجّل الزمن النهائي بعد إضافة ثواني العقوبات، واترك المحاولة الفاشلة فارغة. التعادل في الترتيب يُحسم بمجموع العدّات ثم الأقل زمناً/الأكبر مسافة ثم الأصغر سناً (يدوياً).

Sheet سجل المنتخبات
A1: سجل منتخبات المعهد / الإدارة / المنطقة (10 طلاب + 2 احتياطي للإدارة، 15 للمنطقة)
A2: المنطقة الأزهرية: .............. الإدارة التعليمية: .............. المعهد: .............. العام الدراسي: 2026/2027
A3: م | B3: المستوى | C3: اسم الطالب | D3: المعهد | E3: المرحلة | F3: النوع | G3: إجمالي الدرجات | H3: الترتيب الفردي | I3: الصفة | J3: رقم البطاقة الشخصية/المجمعة | K3: ملاحظات
A4: مثال | B4: إدارة | C4: طالب (مثال) | D4: معهد (مثال) | E4: إعدادي | F4: بنين | G4: 38 | H4: 1 | I4: أساسي | J4: —
A5: 1
A6: 2
A7: 3
A8: 4
A9: 5
A10: 6
A11: 7
A12: 8
A13: 9
A14: 10
A15: 11
A16: 12
... A44: 40

Sheet الكشف الطبي
A1: سجل الكشف الطبي للطلاب المشاركين (مطلوب قبل التقييم على مستوى المنطقة)
A2: المنطقة الأزهرية: .............. الإدارة التعليمية: .............. المعهد: .............. العام الدراسي: 2026/2027
A3: م | B3: اسم الطالب | C3: المعهد | D3: المرحلة | E3: النوع | F3: تاريخ الكشف | G3: النتيجة | H3: اسم الطبيب/الجهة | I3: ملاحظات
A4: مثال | B4: طالب (مثال) | C4: معهد (مثال) | D4: إعدادي | E4: بنين | F4: 2026-11-05 | G4: لائق | H4: الوحدة الصحية
A5: 1
A6: 2
A7: 3
A8: 4
A9: 5
A10: 6
A11: 7
A12: 8
A13: 9
A14: 10
A15: 11
A16: 12
... A44: 40

Sheet لجنة التحكيم
A1: سجل لجنة التحكيم وتوزيع الحكام على الاختبارات (حكمان لكل اختبار + حكم ميقاتي لفترات الراحة)
A2: المنطقة الأزهرية: .............. الإدارة التعليمية: .............. المعهد: .............. العام الدراسي: 2026/2027
A3: م | B3: الاختبار | C3: دور الحكم | D3: اسم الحكم | E3: المؤهل (بكالوريوس تربية رياضية) | F3: حاصل على مركز أول بالمنطقة (الحالي/السابق) | G3: سبق له التحكيم/تدريب المنتخب | H3: المعهد/الإدارة | I3: الهاتف
A4: مثال | B4: الجري في المكان | C4: حكم ميقاتي | D4: أ/ (مثال) | E4: نعم | F4: لا | G4: نعم | H4: إدارة (مثال)
A5: 1
A6: 2
A7: 3
A8: 4
A9: 5
A10: 6
A11: 7
A12: 8
A13: 9
A14: 10
A15: 11
A16: 12
... A34: 30

Sheet بطاقة متابعة الطالب
A1: بطاقة متابعة أداء الطالب - برنامج بناء القدرات البدنية (الصفوف الأول والثاني والثالث الابتدائي)
A2: المنطقة الأزهرية: .............. الإدارة التعليمية: .............. المعهد: .............. العام الدراسي: 2026/2027
A3: م | B3: اسم الطالب | C3: الصف | D3: النوع | E3: مشارك في الحصص | F3: أداء صحيح: الجري في المكان | G3: أداء صحيح: الجلوس من الرقود | H3: أداء صحيح: الانبطاح المائل | I3: أداء صحيح: الوثب بالدوائر | J3: عدد الاختبارات المتقنة (من 4) | K3: أبرز الأخطاء الفنية الشائعة | L3: تحسن ملحوظ | M3: متميز بدنياً/حركياً | N3: تاريخ المتابعة | O3: ملاحظات المعلم
A4: مثال | B4: طالب (مثال) | C4: الأول | D4: بنين | E4: نعم | F4: نعم | G4: جزئياً | H4: لا | I4: نعم | J4: =IF(COUNTA(F4:I4)=0,"",COUNTIF(F4:I4,"نعم")) -> 2 | K4: عدم رفع الركبة لمستوى الحوض | L4: نعم | M4: لا | N4: 2026-10-15
A5: 1 | J5: =IF(COUNTA(F5:I5)=0,"",COUNTIF(F5:I5,"نعم"))
A6: 2 | J6: =IF(COUNTA(F6:I6)=0,"",COUNTIF(F6:I6,"نعم"))
A7: 3 | J7: =IF(COUNTA(F7:I7)=0,"",COUNTIF(F7:I7,"نعم"))
A8: 4 | J8: =IF(COUNTA(F8:I8)=0,"",COUNTIF(F8:I8,"نعم"))
A9: 5 | J9: =IF(COUNTA(F9:I9)=0,"",COUNTIF(F9:I9,"نعم"))
A10: 6 | J10: =IF(COUNTA(F10:I10)=0,"",COUNTIF(F10:I10,"نعم"))
A11: 7 | J11: =IF(COUNTA(F11:I11)=0,"",COUNTIF(F11:I11,"نعم"))
A12: 8 | J12: =IF(COUNTA(F12:I12)=0,"",COUNTIF(F12:I12,"نعم"))
A13: 9 | J13: =IF(COUNTA(F13:I13)=0,"",COUNTIF(F13:I13,"نعم"))
A14: 10 | J14: =IF(COUNTA(F14:I14)=0,"",COUNTIF(F14:I14,"نعم"))
A15: 11 | J15: =IF(COUNTA(F15:I15)=0,"",COUNTIF(F15:I15,"نعم"))
A16: 12 | J16: =IF(COUNTA(F16:I16)=0,"",COUNTIF(F16:I16,"نعم"))
... A54: 50 | J54: =IF(COUNTA(F54:I54)=0,"",COUNTIF(F54:I54,"نعم"))
A55: الإجمالي | E55: =COUNTIF(E5:E54,"نعم") -> 0 | J55: =SUM(J5:J54) -> 0 | L55: =COUNTIF(L5:L54,"نعم") -> 0 | M55: =COUNTIF(M5:M54,"نعم") -> 0
A57: مؤشرات البرنامج: ارتفاع نسبة المشاركة، وصول غالبية التلاميذ للأداء الصحيح، انخفاض الأخطاء الشائعة، توثيق المتميزين (دليل المشروع ص6). سجّل الأداء بـ«نعم/جزئياً/لا».

Sheet سجل التدريب
A1: سجل التدريب والإعداد البدني (الوحدات التدريبية ومحطات اللياقة)
A2: المنطقة الأزهرية: .............. الإدارة التعليمية: .............. المعهد: .............. العام الدراسي: 2026/2027
A3: م | B3: التاريخ | C3: المعهد | D3: المرحلة/الصف | E3: النشاط | F3: العنصر المستهدف | G3: الزمن (دقيقة) | H3: عدد المشاركين | I3: عدد المستهدفين | J3: نسبة المشاركة | K3: المدرب/المعلم | L3: أبرز الملاحظات
A4: مثال | B4: 2026-10-12 | C4: معهد (مثال) | D4: الأول الابتدائي | E4: حصة حركية | F4: السرعة | G4: 45 | H4: 28 | I4: 30 | J4: =IF(OR(H4="",I4="",I4=0),"",H4/I4) -> 0.93333333 | K4: أ/ (مثال) | L4: تم تنفيذ الحصة وفق خريطة التنفيذ
A5: 1 | J5: =IF(OR(H5="",I5="",I5=0),"",H5/I5)
A6: 2 | J6: =IF(OR(H6="",I6="",I6=0),"",H6/I6)
A7: 3 | J7: =IF(OR(H7="",I7="",I7=0),"",H7/I7)
A8: 4 | J8: =IF(OR(H8="",I8="",I8=0),"",H8/I8)
A9: 5 | J9: =IF(OR(H9="",I9="",I9=0),"",H9/I9)
A10: 6 | J10: =IF(OR(H10="",I10="",I10=0),"",H10/I10)
A11: 7 | J11: =IF(OR(H11="",I11="",I11=0),"",H11/I11)
A12: 8 | J12: =IF(OR(H12="",I12="",I12=0),"",H12/I12)
A13: 9 | J13: =IF(OR(H13="",I13="",I13=0),"",H13/I13)
A14: 10 | J14: =IF(OR(H14="",I14="",I14=0),"",H14/I14)
A15: 11 | J15: =IF(OR(H15="",I15="",I15=0),"",H15/I15)
A16: 12 | J16: =IF(OR(H16="",I16="",I16=0),"",H16/I16)
... A64: 60 | J64: =IF(OR(H64="",I64="",I64=0),"",H64/I64)
A65: الإجمالي | H65: =SUM(H5:H64) -> 0 | I65: =SUM(I5:I64) -> 0 | J65: =IFERROR(H65/I65,"")

Sheet اكتشاف الموهوبين
A1: استمارة اكتشاف الطلاب الموهوبين والمتميزين بدنياً
A2: المنطقة الأزهرية: .............. الإدارة التعليمية: .............. المعهد: .............. العام الدراسي: 2026/2027
A3: م | B3: اسم الطالب | C3: المعهد | D3: المرحلة | E3: النوع | F3: إجمالي درجات المسح | G3: أفضل عنصر لياقة | H3: الأداء الفني | I3: رُشِّح لمنتخب | J3: برنامج الرعاية المقترح | K3: ملاحظات
A4: مثال | B4: طالب (مثال) | C4: معهد (مثال) | D4: ابتدائي | E4: بنات | F4: 44 | G4: السرعة | H4: ممتاز | I4: الإدارة | J4: وحدة سرعة إضافية أسبوعياً
A5: 1
A6: 2
A7: 3
A8: 4
A9: 5
A10: 6
A11: 7
A12: 8
A13: 9
A14: 10
A15: 11
A16: 12
... A44: 40
A45: الإجمالي | B45: =COUNTA(B5:B44) -> 0

Sheet التقييم الذاتي
A1: سجل التقييم الذاتي للمعهد (قيّم كل بند من 1 إلى 5)
A2: المنطقة الأزهرية: .............. الإدارة التعليمية: .............. المعهد: .............. العام الدراسي: 2026/2027
A3: م | B3: بند التقييم | C3: التقييم (1-5) | D3: الدليل/المستند | E3: إجراء التحسين المقترح
A4: مثال | B4: مثال: انتظام تنفيذ البرنامج | C4: 4 | D4: سجل الحضور | E4: —
A5: 1 | B5: أعداد الطلاب المستهدفين والمشاركين
A6: 2 | B6: انتظام تنفيذ البرنامج
A7: 3 | B7: جودة تعليم الاختبارات
A8: 4 | B8: مستوى الأداء الفني للطلاب
A9: 5 | B9: تنفيذ الوحدات التدريبية
A10: 6 | B10: نتائج القياسات
A11: 7 | B11: الطلاب المتميزون
A12: 8 | B12: الطلاب الذين يحتاجون برامج تحسين
A13: 9 | B13: مدى الاستفادة من النتائج
A14: 10 | B14: التوثيق (سجلات/صور/فيديو)
A15: 11 | B15: توافر الملاعب والأدوات
A16: 12 | B16: الإعلان والتوعية بالمشروع
A17: المتوسط | C17: =IFERROR(AVERAGE(C5:C16),"")
A18: النسبة المئوية = مجموع التقييمات ÷ (عدد البنود × 5). المعهد: 90%+ ممتاز، 75–89% جيد جداً، 60–74% جيد، أقل من 60% يحتاج دعماً
B20: النسبة المئوية للتقييم الذاتي | C20: =IFERROR(SUM(C5:C16)/(COUNT(C5:C16)*5),"")
B21: التقدير | C21: =IF(C20="","",IF(C20>=0.9,"ممتاز",IF(C20>=0.75,"جيد جدا",IF(C20>=0.6,"جيد","يحتاج دعما"))))

Sheet الزيارات الميدانية
A1: سجل المتابعة الميدانية (زيارات موجه الإدارة/المنطقة للمعاهد)
A2: المنطقة الأزهرية: .............. الإدارة التعليمية: .............. المعهد: .............. العام الدراسي: 2026/2027
A3: م | B3: تاريخ الزيارة | C3: المعهد | D3: الإدارة | E3: الزائر (الاسم/الوظيفة) | F3: الغرض | G3: حضور الحصص الحركية | H3: سجلات المسح والتدريب | I3: أداء الاختبارات وفق الشروط | J3: الأدوات والملاعب | K3: الإعلان والتوعية | L3: التوصيات | M3: موعد المتابعة التالية
A4: مثال | B4: 2026-10-14 | C4: معهد (مثال) | D4: إدارة (مثال) | E4: موجه التربية الرياضية | F4: متابعة مسح | G4: مستوفى | H4: مستوفى | I4: مستوفى | J4: مستوفى | K4: مستوفى | L4: استكمال المسح للصف الثالث | M4: 2026-10-21
A5: 1
A6: 2
A7: 3
A8: 4
A9: 5
A10: 6
A11: 7
A12: 8
A13: 9
A14: 10
A15: 11
A16: 12
... A64: 60
A65: الإجمالي | B65: =COUNTA(B5:B64) -> 0

Sheet متابعة المعاهد (إدارة)
A1: استمارة متابعة المعاهد على مستوى الإدارة التعليمية
A2: المنطقة الأزهرية: .............. الإدارة التعليمية: .............. المعهد: .............. العام الدراسي: 2026/2027
A3: م | B3: المعهد | C3: معلم التربية الرياضية | D3: إجمالي الطلاب | E3: المستهدفون بالمسح | F3: المشاركون في المسح | G3: نسبة المشاركة | H3: تم المسح الشامل | I3: تاريخ المسح | J3: طلاب مشاركون بالتصفيات | K3: استيفاء حد التصفيات (7) | L3: وصل تقرير المعهد | M3: عدد الزيارات الميدانية | N3: متوسط درجات المنتخب | O3: ملاحظات
A4: مثال | B4: معهد (مثال) | C4: أ/ (مثال) | D4: 320 | E4: 320 | F4: 300 | G4: =IF(OR(E4="",F4="",E4=0),"",F4/E4) -> 0.9375 | H4: نعم | I4: 2026-10-18 | J4: 8 | K4: =IF(J4="","",IF(J4>=7,"مستوفى","أقل من 7")) -> مستوفى | L4: نعم | M4: 1 | N4: 7.4
A5: 1 | G5: =IF(OR(E5="",F5="",E5=0),"",F5/E5) | K5: =IF(J5="","",IF(J5>=7,"مستوفى","أقل من 7"))
A6: 2 | G6: =IF(OR(E6="",F6="",E6=0),"",F6/E6) | K6: =IF(J6="","",IF(J6>=7,"مستوفى","أقل من 7"))
A7: 3 | G7: =IF(OR(E7="",F7="",E7=0),"",F7/E7) | K7: =IF(J7="","",IF(J7>=7,"مستوفى","أقل من 7"))
A8: 4 | G8: =IF(OR(E8="",F8="",E8=0),"",F8/E8) | K8: =IF(J8="","",IF(J8>=7,"مستوفى","أقل من 7"))
A9: 5 | G9: =IF(OR(E9="",F9="",E9=0),"",F9/E9) | K9: =IF(J9="","",IF(J9>=7,"مستوفى","أقل من 7"))
A10: 6 | G10: =IF(OR(E10="",F10="",E10=0),"",F10/E10) | K10: =IF(J10="","",IF(J10>=7,"مستوفى","أقل من 7"))
A11: 7 | G11: =IF(OR(E11="",F11="",E11=0),"",F11/E11) | K11: =IF(J11="","",IF(J11>=7,"مستوفى","أقل من 7"))
A12: 8 | G12: =IF(OR(E12="",F12="",E12=0),"",F12/E12) | K12: =IF(J12="","",IF(J12>=7,"مستوفى","أقل من 7"))
A13: 9 | G13: =IF(OR(E13="",F13="",E13=0),"",F13/E13) | K13: =IF(J13="","",IF(J13>=7,"مستوفى","أقل من 7"))
A14: 10 | G14: =IF(OR(E14="",F14="",E14=0),"",F14/E14) | K14: =IF(J14="","",IF(J14>=7,"مستوفى","أقل من 7"))
A15: 11 | G15: =IF(OR(E15="",F15="",E15=0),"",F15/E15) | K15: =IF(J15="","",IF(J15>=7,"مستوفى","أقل من 7"))
A16: 12 | G16: =IF(OR(E16="",F16="",E16=0),"",F16/E16) | K16: =IF(J16="","",IF(J16>=7,"مستوفى","أقل من 7"))
... A44: 40 | G44: =IF(OR(E44="",F44="",E44=0),"",F44/E44) | K44: =IF(J44="","",IF(J44>=7,"مستوفى","أقل من 7"))
A45: الإجمالي | D45: =SUM(D5:D44) -> 0 | E45: =SUM(E5:E44) -> 0 | F45: =SUM(F5:F44) -> 0 | G45: =IFERROR(F45/E45,"") | H45: =COUNTIF(H5:H44,"نعم") -> 0 | J45: =SUM(J5:J44) -> 0 | L45: =COUNTIF(L5:L44,"نعم") -> 0 | M45: =SUM(M5:M44) -> 0

Sheet متابعة الإدارات (منطقة)
A1: استمارة متابعة الإدارات التعليمية على مستوى المنطقة الأزهرية
A2: المنطقة الأزهرية: .............. الإدارة التعليمية: .............. المعهد: .............. العام الدراسي: 2026/2027
A3: م | B3: الإدارة التعليمية | C3: عدد المعاهد | D3: المعاهد المنفذة للمشروع | E3: نسبة المعاهد المنفذة | F3: الطلاب المستهدفون | G3: الطلاب المشاركون | H3: نسبة المشاركة | I3: معاهد شاركت في التصفيات | J3: منتخب الإدارة مكتمل (10+2) لكل مرحلة | K3: وصل تقرير الإدارة | L3: زيارات ميدانية | M3: موجه الإدارة / المنسق | N3: ملاحظات
A4: مثال | B4: إدارة (مثال) | C4: 30 | D4: 27 | E4: =IF(OR(C4="",D4="",C4=0),"",D4/C4) -> 0.9 | F4: 9000 | G4: 7600 | H4: =IF(OR(F4="",G4="",F4=0),"",G4/F4) -> 0.84444444 | I4: 26 | J4: نعم | K4: نعم | L4: 12 | M4: أ/ (مثال)
A5: 1 | E5: =IF(OR(C5="",D5="",C5=0),"",D5/C5) | H5: =IF(OR(F5="",G5="",F5=0),"",G5/F5)
A6: 2 | E6: =IF(OR(C6="",D6="",C6=0),"",D6/C6) | H6: =IF(OR(F6="",G6="",F6=0),"",G6/F6)
A7: 3 | E7: =IF(OR(C7="",D7="",C7=0),"",D7/C7) | H7: =IF(OR(F7="",G7="",F7=0),"",G7/F7)
A8: 4 | E8: =IF(OR(C8="",D8="",C8=0),"",D8/C8) | H8: =IF(OR(F8="",G8="",F8=0),"",G8/F8)
A9: 5 | E9: =IF(OR(C9="",D9="",C9=0),"",D9/C9) | H9: =IF(OR(F9="",G9="",F9=0),"",G9/F9)
A10: 6 | E10: =IF(OR(C10="",D10="",C10=0),"",D10/C10) | H10: =IF(OR(F10="",G10="",F10=0),"",G10/F10)
A11: 7 | E11: =IF(OR(C11="",D11="",C11=0),"",D11/C11) | H11: =IF(OR(F11="",G11="",F11=0),"",G11/F11)
A12: 8 | E12: =IF(OR(C12="",D12="",C12=0),"",D12/C12) | H12: =IF(OR(F12="",G12="",F12=0),"",G12/F12)
A13: 9 | E13: =IF(OR(C13="",D13="",C13=0),"",D13/C13) | H13: =IF(OR(F13="",G13="",F13=0),"",G13/F13)
A14: 10 | E14: =IF(OR(C14="",D14="",C14=0),"",D14/C14) | H14: =IF(OR(F14="",G14="",F14=0),"",G14/F14)
A15: 11 | E15: =IF(OR(C15="",D15="",C15=0),"",D15/C15) | H15: =IF(OR(F15="",G15="",F15=0),"",G15/F15)
A16: 12 | E16: =IF(OR(C16="",D16="",C16=0),"",D16/C16) | H16: =IF(OR(F16="",G16="",F16=0),"",G16/F16)
... A29: 25 | E29: =IF(OR(C29="",D29="",C29=0),"",D29/C29) | H29: =IF(OR(F29="",G29="",F29=0),"",G29/F29)
A30: الإجمالي | C30: =SUM(C5:C29) -> 0 | D30: =SUM(D5:D29) -> 0 | E30: =IFERROR(D30/C30,"") | F30: =SUM(F5:F29) -> 0 | G30: =SUM(G5:G29) -> 0 | H30: =IFERROR(G30/F30,"") | I30: =SUM(I5:I29) -> 0 | J30: =COUNTIF(J5:J29,"نعم") -> 0 | K30: =COUNTIF(K5:K29,"نعم") -> 0 | L30: =SUM(L5:L29) -> 0

Sheet مؤشرات الأداء
A1: منظومة مؤشرات الأداء (دليل المشروع ص5) - المنطقة الأزهرية
A2: المنطقة الأزهرية: .............. الإدارة التعليمية: .............. المعهد: .............. العام الدراسي: 2026/2027
A3: م | B3: المجال | C3: المؤشر | D3: أداة القياس | E3: المحقق (البسط) | F3: المخطط (المقام) | G3: النسبة | H3: المستهدف | I3: الحالة
A4: 1 | B4: الانتشار | C4: نسبة المعاهد المنفذة للمشروع | D4: سجل الحصر والمتابعة | E4: ='متابعة الإدارات (منطقة)'!D30 -> 0 | F4: ='متابعة الإدارات (منطقة)'!C30 -> 0 | G4: =IF(OR(E4="",F4="",F4=0),"",E4/F4) | H4: 1 | I4: =IF(G4="","",IF(G4>=H4,"محقق","دون المستهدف"))
A5: 2 | B5: التنفيذ | C5: نسبة الأنشطة المنفذة | D5: الخطة التنفيذية (شيت متابعة المراحل) | G5: =IF(OR(E5="",F5="",F5=0),"",E5/F5) | H5: 1 | I5: =IF(G5="","",IF(G5>=H5,"محقق","دون المستهدف"))
A6: 3 | B6: المشاركة | C6: عدد ونسبة الطلاب المشاركين | D6: كشوف المشاركة | E6: ='متابعة الإدارات (منطقة)'!G30 -> 0 | F6: ='متابعة الإدارات (منطقة)'!F30 -> 0 | G6: =IF(OR(E6="",F6="",F6=0),"",E6/F6) | H6: 1 | I6: =IF(G6="","",IF(G6>=H6,"محقق","دون المستهدف"))
A7: 4 | B7: الأداء | C7: مستوى إتقان الاختبارات | D7: استمارة الاختبار | G7: =IF(OR(E7="",F7="",F7=0),"",E7/F7) | H7: 1 | I7: =IF(G7="","",IF(G7>=H7,"محقق","دون المستهدف"))
A8: 5 | B8: التطور | C8: نسبة التحسن في النتائج | D8: تحليل القياسات | G8: =IF(OR(E8="",F8="",F8=0),"",E8/F8) | H8: 0.1 | I8: =IF(G8="","",IF(G8>=H8,"محقق","دون المستهدف"))
A9: 6 | B9: الجودة | C9: مدى الالتزام بالمعايير الفنية | D9: بطاقة الملاحظة | G9: =IF(OR(E9="",F9="",F9=0),"",E9/F9) | H9: 1 | I9: =IF(G9="","",IF(G9>=H9,"محقق","دون المستهدف"))
A10: 7 | B10: المتابعة | C10: عدد الزيارات الميدانية | D10: سجل المتابعة | E10: ='متابعة الإدارات (منطقة)'!L30 -> 0 | G10: =IF(OR(E10="",F10="",F10=0),"",E10/F10) | H10: 1 | I10: =IF(G10="","",IF(G10>=H10,"محقق","دون المستهدف"))
A11: 8 | B11: البيانات | C11: نسبة اكتمال ودقة البيانات | D11: قاعدة البيانات | G11: =IF(OR(E11="",F11="",F11=0),"",E11/F11) | H11: 1 | I11: =IF(G11="","",IF(G11>=H11,"محقق","دون المستهدف"))
A12: 9 | B12: الموهبة | C12: عدد الطلاب المكتشفين والمتميزين | D12: استمارة اكتشاف الموهوبين | G12: =IF(OR(E12="",F12="",F12=0),"",E12/F12) | H12: 1 | I12: =IF(G12="","",IF(G12>=H12,"محقق","دون المستهدف"))
A14: الخلايا الخضراء مرتبطة بشيت «متابعة الإدارات (منطقة)». المستهدفات (100% و10% للتحسن) قيم مقترحة قابلة للتعديل - الدليل لم يحدد مستهدفات رقمية. للزيارات الميدانية أدخل العدد المخطط في خانة المقام.
